"","c1","c2","c3","alpha","beta","gamma","s_m,r","s_r1","s_r2","lambda"
"1",0.411004,1.09488,1.08219,0.154488,0.672872,1.71703,0.554436,0.610221,0.479793,0.112484
"2",0.272345,0.972553,1.42719,0.137649,0.819931,1.53388,0.433911,0.600859,0.327267,0.123106
"3",0.197649,0.895082,1.36712,0.120595,0.607403,1.51676,0.605854,0.621306,0.451824,0.125725
"4",0.405698,1.01265,1.18501,0.163537,0.8755,1.39841,0.411497,0.626298,0.31964,0.127909
"5",0.432768,0.947801,1.07409,0.156477,0.896627,1.38463,0.395146,0.63334,0.335307,0.132765
"6",0.5552,1.08565,1.10129,0.158862,0.880939,1.61233,0.502544,0.622286,0.32634,0.104473
"7",0.531073,1.13399,1.08715,0.196803,0.848494,1.55923,0.485413,0.610321,0.476821,0.0999655
"8",0.397044,0.865471,1.32002,0.137639,0.749949,1.66393,0.536344,0.627695,0.348634,0.110861
"9",0.434441,0.85582,1.25405,0.156857,0.86718,1.56256,0.527397,0.613776,0.28485,0.130061
"10",0.136441,0.724118,1.49207,0.136831,0.751939,1.57999,0.546128,0.608357,0.337513,0.108197
"11",0.485398,1.11882,0.957684,0.152148,0.853478,1.43645,0.455359,0.615134,0.477571,0.0989237
"12",0.265002,1.04841,0.813788,0.13795,0.720411,1.59739,0.583878,0.635562,0.306175,0.144934
"13",0.0866346,0.635307,1.13499,0.195754,0.816769,1.43551,0.568388,0.599386,0.355159,0.0858701
"14",0.232355,0.751518,0.978498,0.121265,0.890424,1.47331,0.548294,0.605966,0.407308,0.0966523
"15",0.118919,0.528109,1.12107,0.16951,0.826289,1.69304,0.532585,0.662467,0.356605,0.161035
"16",0.0838017,0.570481,0.954167,0.165531,0.721059,1.66501,0.550678,0.663797,0.299002,0.137903
"17",0.15138,0.623134,1.04628,0.134651,0.793916,1.16308,0.628258,0.62366,0.415142,0.111394
"18",0.45608,0.862108,0.762016,0.119525,0.567446,1.8968,0.487434,0.60065,0.409597,0.130584
"19",0.468028,1.05864,0.770296,0.163543,0.684571,1.59546,0.534853,0.606488,0.518215,0.102899
"20",0.491857,1.03805,0.76348,0.13124,0.782989,1.57377,0.510152,0.596249,0.37814,0.0996603
"21",0.633006,1.06849,0.444136,0.181863,0.907881,1.63948,0.486401,0.626661,0.398871,0.156151
"22",0.536491,1.06963,0.558804,0.212576,0.855603,1.56671,0.458978,0.62793,0.346268,0.104159
"23",0.624264,1.07863,1.01328,0.224304,0.88363,1.7199,0.562773,0.598192,0.430961,0.0950425
"24",0.519018,1.11855,0.770057,0.230454,0.909943,1.45117,0.421302,0.60613,0.381585,0.125753
"25",0.530442,0.906141,1.23661,0.181814,0.900679,1.48334,0.623997,0.647729,0.463148,0.11629
"26",0.452345,0.707086,1.41764,0.155089,0.944629,1.6666,0.665009,0.615127,0.354369,0.129339
"27",0.463239,0.843181,1.11464,0.14046,0.800683,1.4494,0.528171,0.654629,0.374102,0.115499
"28",0.358309,0.715863,1.42752,0.198173,0.879884,1.82765,0.603057,0.626014,0.318451,0.146378
"29",0.370135,0.769024,1.44899,0.205669,0.870854,1.87178,0.607856,0.627013,0.325952,0.146724
"30",0.353046,1.06828,1.38461,0.1086,0.840645,1.38217,0.405991,0.579571,0.345138,0.0945719
"31",0.716076,1.18444,0.253138,0.20539,0.910966,1.89731,0.512954,0.628878,0.354705,0.135481
"32",0.764144,1.30662,0.192465,0.182985,0.891558,1.74645,0.495524,0.624279,0.428007,0.118035
"33",0.711589,1.24955,0.289004,0.172184,0.905168,1.50005,0.570315,0.624642,0.311884,0.109812
"34",0.627469,1.16761,0.3957,0.0826351,0.648213,1.50245,0.478674,0.632023,0.312347,0.104669
"35",0.811898,1.22044,0.424914,0.167577,0.820748,1.54968,0.641118,0.604985,0.414239,0.131029
"36",0.749011,1.25526,1.28688,0.177365,0.841989,1.7535,0.462,0.606534,0.445504,0.106374
"37",0.753447,1.32765,1.15512,0.175698,0.815549,1.61959,0.432915,0.628206,0.387504,0.110493
"38",0.638146,1.32123,1.06503,0.193792,0.775039,1.81485,0.675208,0.62359,0.335541,0.132699
"39",0.608204,1.22961,0.732873,0.196817,0.934707,1.4805,0.370948,0.618344,0.412229,0.115087
"40",0.384085,0.984484,1.26766,0.214008,0.939982,1.64698,0.459017,0.607535,0.366821,0.112172
"41",0.592882,1.09379,0.958135,0.217425,0.746113,1.66146,0.577783,0.620344,0.487702,0.11718
"42",0.490747,0.86188,1.11485,0.162591,0.765426,1.6893,0.422952,0.607586,0.395237,0.100733
"43",0.601811,1.10435,0.820231,0.20717,0.837659,1.73673,0.666724,0.60011,0.557227,0.121044
"44",0.749933,1.31519,0.780844,0.168758,0.865106,1.60353,0.459678,0.626453,0.258477,0.116631
"45",0.717989,1.26101,0.814076,0.134944,0.798826,1.57298,0.437824,0.63343,0.264109,0.114037
"46",0.697846,1.44075,0.702421,0.18173,0.826801,1.42883,0.605689,0.624137,0.372808,0.132171
"47",0.814691,1.37512,0.827827,0.198658,0.803638,1.64302,0.501511,0.629311,0.388051,0.105943
"48",0.60136,1.03419,0.659647,0.161101,0.864115,1.51424,0.542687,0.598906,0.434362,0.139943
"49",0.583573,1.07152,0.697355,0.173691,0.882908,1.59333,0.537447,0.614095,0.340007,0.139941
"50",0.591173,1.09689,0.736718,0.194273,0.885772,1.72398,0.500225,0.629737,0.379712,0.128593
"51",0.694807,1.2892,0.488098,0.215687,0.871286,1.73796,0.501383,0.642989,0.424273,0.125655
"52",0.649662,1.25715,0.530002,0.167146,0.787827,1.56712,0.49235,0.608968,0.413765,0.127623
"53",0.702096,1.28684,0.481017,0.160149,0.660282,1.6195,0.410274,0.616099,0.408123,0.0930996
"54",0.666564,1.27594,0.801152,0.10885,0.668189,1.57172,0.470282,0.614195,0.36101,0.0971663
"55",0.639925,1.19853,0.771666,0.159888,0.722414,1.68299,0.49597,0.603505,0.331354,0.0845433
"56",0.543468,1.25306,0.826103,0.232037,0.934184,1.55216,0.407309,0.597156,0.450253,0.111871
"57",0.594271,1.32264,0.557866,0.153529,0.766691,1.5191,0.516193,0.640016,0.283909,0.131275
"58",0.728291,1.38534,0.694234,0.0941846,0.709909,1.54994,0.433069,0.630788,0.36141,0.141252
"59",0.421458,1.29202,0.921783,0.166291,0.868482,1.40379,0.516235,0.626751,0.343855,0.086202
"60",0.552669,1.30568,0.84981,0.190657,0.873222,1.61554,0.571907,0.624379,0.329771,0.114808
"61",0.266555,1.05174,0.945095,0.208988,0.944953,1.66325,0.514981,0.597887,0.570662,0.120948
"62",0.248263,0.927711,0.885741,0.0796677,0.624649,1.47613,0.490938,0.651178,0.236983,0.113141
"63",0.624741,1.19805,0.411285,0.109877,0.734356,1.40421,0.41361,0.622596,0.31219,0.104671
"64",0.44491,1.16092,0.593002,0.131725,0.609603,1.68777,0.543203,0.636664,0.358857,0.104606
"65",0.495534,1.11895,0.873932,0.188101,0.827008,1.59492,0.358525,0.600209,0.461555,0.104659
"66",0.635248,1.29642,1.24846,0.133849,0.783367,1.53695,0.538639,0.613125,0.394914,0.117669
"67",0.593956,1.30605,1.31741,0.110834,0.673982,1.50483,0.483532,0.625016,0.350544,0.128715
"68",0.410188,1.0376,0.954819,0.19752,0.900545,1.61304,0.522926,0.633055,0.380813,0.108579
"69",0.334075,0.863668,1.43097,0.153599,0.753236,1.55114,0.491582,0.626707,0.409844,0.129298
"70",0.418958,0.964249,1.19715,0.12038,0.661771,1.49594,0.420293,0.639207,0.327957,0.131739
"71",0.723934,1.43214,0.556489,0.160036,0.719686,1.53773,0.550431,0.609669,0.463601,0.112559
"72",0.696126,1.34619,0.552066,0.128106,0.799842,1.65641,0.549065,0.598961,0.380597,0.137777
"73",0.35029,1.20517,1.227,0.154229,0.744759,1.35128,0.486737,0.630387,0.38544,0.100009
"74",0.505168,1.18088,1.16244,0.109052,0.778575,1.42101,0.547093,0.621753,0.305273,0.139894
"75",0.436716,1.14472,1.41451,0.121479,0.740145,1.39405,0.622824,0.630525,0.411283,0.118053
"76",0.59724,1.43782,0.831436,0.18255,0.731204,1.57078,0.428867,0.624394,0.433559,0.102627
"77",0.658071,1.2974,1.0151,0.161362,0.886419,1.61046,0.509265,0.606037,0.368264,0.138716
"78",0.59728,1.24347,0.88306,0.158869,0.646333,1.72178,0.411408,0.62015,0.5294,0.105148
"79",0.593235,1.15718,1.23988,0.159383,0.792191,1.71387,0.477566,0.641754,0.31127,0.111475
"80",0.55018,1.15016,1.09843,0.160585,0.743722,1.47317,0.478237,0.616026,0.341647,0.118658
"81",0.600979,1.25403,1.18484,0.131221,0.627303,1.64465,0.648588,0.622064,0.395879,0.109439
"82",0.661841,1.23193,1.01011,0.121723,0.596297,1.44781,0.686461,0.656329,0.341993,0.125952
"83",0.825355,1.38771,0.764945,0.11588,0.75325,1.62346,0.486285,0.623303,0.22679,0.120075
"84",0.496006,1.30279,1.15687,0.127445,0.629666,1.45773,0.637502,0.640713,0.428919,0.101986
"85",0.493309,1.36511,1.16338,0.136194,0.661808,1.50539,0.561937,0.632957,0.436624,0.0982458
"86",0.431963,1.21076,1.2479,0.163716,0.790547,1.78866,0.392101,0.603879,0.423546,0.120213
"87",0.638922,1.23864,0.833352,0.143406,0.851567,1.39948,0.566562,0.625473,0.329228,0.123434
"88",0.74275,1.11278,0.622705,0.199645,0.844359,1.58397,0.47002,0.64389,0.234047,0.126741
"89",0.634372,1.28345,0.425854,0.1676,0.7704,1.67664,0.534808,0.624893,0.349107,0.128325
"90",0.708225,1.4567,0.887956,0.138534,0.880062,1.4084,0.420613,0.632006,0.359207,0.101369
"91",0.574151,1.39616,1.1517,0.170305,0.750259,1.7546,0.491096,0.667701,0.224313,0.135584
"92",0.60564,1.09856,1.26535,0.155415,0.800375,1.50322,0.482606,0.642965,0.341897,0.148086
"93",0.477662,1.10819,0.981862,0.10964,0.663946,1.47678,0.445573,0.613494,0.382421,0.110552
"94",0.451946,1.15896,0.881656,0.175391,0.761953,1.68334,0.40805,0.618708,0.382661,0.132758
"95",0.522879,1.24042,1.05261,0.211474,0.841601,1.67637,0.457517,0.631331,0.437991,0.112427
"96",0.583164,1.30854,0.959937,0.103877,0.729957,1.47106,0.492445,0.606132,0.337877,0.122248
"97",0.62148,1.48363,0.794873,0.128768,0.807215,1.43859,0.521794,0.622805,0.370758,0.110584
"98",0.630916,1.61279,0.687222,0.146569,0.714119,1.55291,0.566244,0.633896,0.357969,0.130179
"99",0.55551,1.28805,0.718001,0.211311,0.916671,1.69497,0.471327,0.609002,0.422126,0.122865
"100",0.542364,1.24891,0.933039,0.0919354,0.617307,1.57697,0.448891,0.625164,0.340618,0.12086
"101",0.421023,1.18573,1.07056,0.0836091,0.550825,1.68245,0.615401,0.611457,0.312118,0.110609
"102",0.363116,1.03011,1.10937,0.177632,0.968897,1.5884,0.462017,0.618422,0.338095,0.124042
"103",0.356336,1.1836,1.19756,0.226866,0.979379,1.57716,0.419535,0.624808,0.35358,0.118486
"104",0.578911,1.32834,0.787049,0.155589,0.780433,1.76158,0.600572,0.608701,0.433189,0.0983966
"105",0.653946,1.52576,0.625931,0.15647,0.78773,1.36316,0.46008,0.623797,0.369109,0.13179
"106",0.750447,1.37534,0.247832,0.118736,0.808303,1.33727,0.500734,0.616323,0.347873,0.122219
"107",0.517186,0.982945,0.858881,0.0616994,0.464093,1.55362,0.479742,0.651736,0.231711,0.120299
"108",0.537678,1.09921,0.956608,0.104773,0.508554,1.7178,0.426792,0.603766,0.475307,0.127235
"109",0.51787,1.00856,1.2109,0.0666239,0.399343,1.84807,0.563049,0.625245,0.285014,0.0971628
"110",0.562609,0.979195,1.17169,0.0464685,0.354129,1.86439,0.53898,0.626658,0.30409,0.107386
"111",0.666435,1.20091,0.99444,0.0424709,0.357703,1.70396,0.511996,0.620393,0.275365,0.107443
"112",0.64755,1.25366,0.404387,0.119756,0.586043,1.45624,0.494245,0.644235,0.257027,0.143473
"113",0.804098,1.31126,0.25528,0.107072,0.67431,1.57495,0.470002,0.662365,0.278415,0.113646
"114",0.386041,0.824441,1.20319,0.229406,0.973899,1.61652,0.567489,0.597501,0.56934,0.108805
"115",0.692597,1.14546,0.785397,0.197685,0.908727,1.58675,0.633315,0.618399,0.356372,0.123211
"116",0.657663,1.06188,0.806455,0.187551,0.919626,1.58527,0.624331,0.622103,0.329506,0.125084
"117",0.658267,1.11183,0.88589,0.159137,0.875227,1.60055,0.577263,0.618865,0.346089,0.12581
"118",0.3865,1.00258,1.04352,0.13051,0.711389,1.51256,0.387397,0.624992,0.31179,0.110036
"119",0.400459,1.1311,0.967544,0.147866,0.868791,1.62961,0.540308,0.613093,0.378955,0.126405
"120",0.209449,0.8942,1.18159,0.119292,0.734667,1.40333,0.612976,0.618061,0.420968,0.115341
"121",0.123818,0.87826,1.28708,0.136389,0.826123,1.42589,0.412091,0.59395,0.406319,0.131636
"122",0.245214,0.907032,1.36927,0.162564,0.813544,1.48732,0.550901,0.603797,0.479685,0.104493
"123",0.201986,1.01474,1.44901,0.102091,0.759618,1.3938,0.434717,0.605654,0.356188,0.0941911
"124",0.20431,1.03506,1.4347,0.114569,0.752269,1.42973,0.435735,0.606756,0.362605,0.0906405
"125",0.619063,1.37316,0.65996,0.193894,0.850146,1.72991,0.471159,0.626563,0.388719,0.123966
"126",0.517972,1.26676,0.702463,0.145573,0.642855,1.7684,0.471382,0.61709,0.307729,0.113733
"127",0.404306,1.21251,1.26348,0.185364,0.885517,1.46048,0.521749,0.618758,0.433104,0.130213
"128",0.545042,1.20106,0.590135,0.164669,0.929429,1.57788,0.452174,0.616558,0.357652,0.105553
"129",0.348202,1.09725,1.0368,0.119236,0.668348,1.39995,0.579317,0.626044,0.418073,0.132089
"130",0.406554,1.0606,1.4471,0.15301,0.770876,1.61612,0.54676,0.605207,0.412419,0.115122
"131",0.36579,0.927358,1.56901,0.124097,0.589903,1.56201,0.472389,0.602638,0.460591,0.12066
"132",0.372117,0.936073,1.64885,0.161071,0.795207,1.70372,0.557754,0.61302,0.343644,0.117727
"133",0.329581,0.8861,1.53392,0.169652,0.850029,1.46316,0.651825,0.604569,0.47189,0.145328
"134",0.417395,1.21857,1.14515,0.081994,0.489912,1.58058,0.473287,0.607968,0.382907,0.0958779
"135",0.402937,1.26735,1.13761,0.121931,0.588847,1.55978,0.54523,0.649114,0.333998,0.129788
"136",0.311056,1.05309,1.53291,0.147449,0.844095,1.56367,0.476399,0.662036,0.270015,0.139805
"137",0.593088,1.31767,1.17022,0.0878509,0.532525,1.56954,0.492278,0.60827,0.402379,0.12512
"138",0.58043,1.30782,1.22719,0.17046,0.97484,1.53494,0.64773,0.644814,0.303579,0.130209
"139",0.507475,1.37658,0.982506,0.189217,0.910872,1.58664,0.453589,0.641118,0.308163,0.0906106
"140",0.5917,1.21679,1.03056,0.0858105,0.707547,1.40736,0.570165,0.614433,0.369727,0.14677
"141",0.583454,1.29953,0.977795,0.106266,0.679258,1.16634,0.546928,0.608124,0.348767,0.133279
"142",0.653775,1.25467,0.661242,0.164418,0.772842,1.6043,0.570725,0.606709,0.360545,0.111473
"143",0.782448,1.36204,0.60359,0.186844,0.848193,1.56623,0.483457,0.631073,0.422985,0.138821
"144",0.888755,1.40978,0.5676,0.101066,0.603168,1.72942,0.599312,0.640791,0.279425,0.118995
"145",0.920551,1.3648,0.575203,0.0983367,0.797572,1.3295,0.409003,0.637643,0.327654,0.14417
"146",0.762998,1.30387,0.344161,0.10596,0.812131,1.27682,0.585804,0.652339,0.276091,0.123365
"147",0.85806,1.51642,0.359378,0.120878,0.718717,1.4012,0.533372,0.63915,0.269465,0.141868
"148",0.809644,1.39264,0.524191,0.109025,0.703683,1.48477,0.566769,0.631198,0.292419,0.143837
"149",0.769114,1.34704,0.555289,0.104486,0.716048,1.49667,0.527593,0.633694,0.322909,0.115457
"150",0.590512,1.24602,0.738959,0.14302,0.79969,1.43233,0.460494,0.609659,0.420082,0.131459
"151",0.826297,1.59093,0.688606,0.137391,0.741836,1.5076,0.577168,0.610652,0.318885,0.100384
"152",0.833272,1.50256,0.910165,0.122355,0.747921,1.71054,0.477756,0.602192,0.373182,0.0910024
"153",0.798311,1.54359,0.714996,0.173361,0.680231,1.68831,0.50634,0.609726,0.457658,0.0841406
"154",0.57205,1.31281,0.855416,0.124133,0.82509,1.51303,0.501445,0.61191,0.399889,0.147155
"155",0.320884,1.10661,1.36975,0.128396,0.715411,1.40876,0.595372,0.621834,0.338892,0.0992283
"156",0.392001,1.07442,1.08224,0.136803,0.741322,1.5735,0.353851,0.618488,0.380597,0.12736
"157",0.590969,1.27978,0.953292,0.159942,0.770174,1.73507,0.639208,0.630709,0.358317,0.119201
"158",0.634753,1.21757,0.864947,0.179557,0.894942,1.47144,0.410775,0.615036,0.413946,0.094766
"159",0.578286,1.19342,0.909953,0.162577,0.860735,1.47024,0.410593,0.61418,0.396691,0.0936993
"160",0.572432,1.21184,0.774517,0.180878,0.770746,1.81066,0.508331,0.610281,0.367313,0.0962467
"161",0.578676,1.27317,0.919151,0.205172,0.886994,1.66851,0.504746,0.600755,0.550676,0.124688
"162",0.382222,1.22611,1.14912,0.123243,0.663869,1.33547,0.521424,0.672061,0.261191,0.118176
"163",0.228289,0.858212,0.942036,0.162191,0.835484,1.41535,0.46806,0.619259,0.297326,0.143306
"164",0.185398,0.967746,0.939725,0.192515,0.813879,1.56984,0.491562,0.64501,0.327536,0.116219
"165",0.296439,0.986939,0.716039,0.193173,0.866599,1.81581,0.446566,0.630907,0.472174,0.11085
"166",0.364591,1.07408,0.646294,0.139858,0.879996,1.54702,0.457531,0.590579,0.491372,0.116399
"167",0.516389,0.905477,0.376239,0.172907,0.738133,1.59394,0.669388,0.650407,0.287273,0.132784
"168",0.470435,0.785162,0.579016,0.184775,0.854963,1.69271,0.567744,0.628405,0.28888,0.119991
"169",0.514443,0.912293,0.702533,0.173363,0.744091,1.45786,0.539042,0.597913,0.466348,0.121263
"170",0.831696,1.28148,0.642895,0.1319,0.964459,1.33193,0.47894,0.62046,0.332539,0.1247
"171",0.572304,1.36091,0.956268,0.178563,0.715043,1.98218,0.456699,0.628866,0.439147,0.118415
"172",0.574163,1.42301,0.885738,0.183829,0.686744,1.93829,0.435708,0.638607,0.42169,0.118243
"173",0.629565,1.35492,0.560025,0.141332,0.791886,1.3127,0.582972,0.595598,0.406245,0.100314
"174",0.793293,1.46054,0.582936,0.128575,0.555581,1.81605,0.435064,0.611145,0.392782,0.0969142
"175",0.744744,1.32083,0.692721,0.14163,0.644749,1.6187,0.401812,0.631137,0.360418,0.113692
"176",0.574675,1.24117,1.04855,0.209326,0.961493,1.6334,0.637416,0.616037,0.397648,0.118484
"177",0.588776,1.25247,0.989404,0.194504,0.889188,1.67893,0.501854,0.621417,0.378458,0.0928654
"178",0.405478,1.07927,1.03486,0.149646,0.697276,1.47928,0.460759,0.625158,0.38038,0.150119
"179",0.196047,0.979501,0.996443,0.206719,0.963403,1.56726,0.488191,0.623923,0.376004,0.108396
"180",0.103683,0.801206,1.13065,0.152183,0.827581,1.63037,0.613168,0.620206,0.367329,0.120874
"181",0.447488,1.06416,0.46194,0.11297,0.797502,1.3363,0.469654,0.615817,0.368991,0.107431
"182",0.290235,0.852421,1.27466,0.170184,0.748818,1.72028,0.568284,0.641594,0.337627,0.110667
"183",0.280945,1.03281,1.33034,0.172344,0.757017,1.61659,0.409504,0.588641,0.432835,0.108399
"184",0.234094,0.979791,1.17134,0.216803,0.910021,1.72967,0.678098,0.630742,0.371604,0.124315
"185",0.0772895,0.862499,1.58512,0.187374,0.909741,1.76875,0.453263,0.600658,0.395633,0.111657
"186",0.295431,0.798967,1.07501,0.147831,0.723314,1.52829,0.556149,0.641441,0.319329,0.127938
"187",0.318866,1.01624,0.993229,0.183402,0.850049,1.53211,0.513563,0.636523,0.329769,0.144807
"188",0.532582,1.27634,0.823033,0.208307,0.868126,1.87112,0.430633,0.626925,0.362302,0.104386
"189",0.251378,1.08888,0.936436,0.122435,0.805377,1.4036,0.590491,0.624606,0.32031,0.136356
"190",0.230112,1.04868,1.51722,0.158224,0.662013,1.77112,0.495357,0.648686,0.339628,0.0956916
"191",0.207668,1.00951,1.06173,0.131877,0.830824,1.27041,0.505635,0.604528,0.360852,0.125356
"192",0.255389,1.17113,1.17154,0.211219,0.83827,1.76645,0.533422,0.63301,0.416118,0.108438
"193",0.157421,1.08104,1.07961,0.190568,0.850473,1.62628,0.55407,0.636297,0.362443,0.118586
"194",-0.0135189,1.02644,1.098,0.193996,0.8376,1.50853,0.620372,0.628273,0.412911,0.12651
"195",0.0884028,0.98543,0.821229,0.205432,0.95367,1.59517,0.484291,0.590455,0.474896,0.116664
"196",0.118815,0.858961,0.858575,0.122728,0.685269,1.52628,0.821843,0.655461,0.217695,0.127755
"197",0.136444,0.86956,0.763275,0.120636,0.702515,1.50001,0.802034,0.653239,0.204936,0.128143
"198",0.221913,0.878323,0.45312,0.160421,0.744771,1.40083,0.518606,0.633855,0.417505,0.106232
"199",0.122017,0.898622,1.22134,0.125295,0.828938,1.45582,0.48153,0.64695,0.269965,0.156045
"200",0.262891,1.02767,1.13258,0.189767,0.885119,1.50412,0.50654,0.648715,0.254006,0.118714
"201",0.218763,1.0525,1.27216,0.194528,0.858579,1.57245,0.474089,0.643259,0.252707,0.125056
"202",0.407593,1.1977,0.923884,0.171258,0.813444,1.55117,0.552381,0.657809,0.339293,0.14248
"203",0.325425,0.926886,1.16491,0.161184,0.890927,1.62895,0.387696,0.62962,0.225685,0.111224
"204",0.3459,1.04264,1.03079,0.145034,0.767382,1.49399,0.67075,0.661992,0.304216,0.137719
"205",0.312916,1.17645,1.15134,0.155274,0.810036,1.54364,0.401016,0.58689,0.492828,0.102407
"206",0.0653278,0.944268,1.58928,0.144792,0.794812,1.54309,0.662106,0.649641,0.279122,0.142091
"207",0.125822,1.03903,1.51457,0.129958,0.683101,1.418,0.473975,0.623543,0.310339,0.114019
"208",0.348139,1.16644,1.32685,0.138444,0.735102,1.52351,0.563716,0.625943,0.353767,0.0977901
"209",0.28927,1.11022,1.52977,0.160531,0.742148,1.5496,0.447851,0.608384,0.394199,0.122735
"210",0.245874,0.933131,1.36772,0.126542,0.802842,1.39199,0.552948,0.637366,0.292801,0.106953
"211",0.315516,0.974861,1.09981,0.159129,0.72633,1.6414,0.449091,0.605357,0.481906,0.136267
"212",0.429374,1.14786,0.91881,0.123702,0.78234,1.43089,0.576516,0.637419,0.250689,0.105091
"213",0.400235,1.09902,0.578787,0.157126,0.662241,1.69117,0.357807,0.660297,0.296643,0.135213
"214",0.313084,0.835923,0.594302,0.109643,0.835759,1.1896,0.724396,0.608909,0.26083,0.124891
"215",0.265862,0.971097,1.02984,0.14419,0.643294,1.83342,0.383082,0.641524,0.368639,0.116898
"216",0.401205,1.09104,0.937904,0.138787,0.870289,1.28538,0.62821,0.630107,0.374285,0.111116
"217",0.427717,0.986986,0.857819,0.133738,0.624191,1.62479,0.514615,0.617489,0.377233,0.123056
"218",0.470634,1.02796,0.866896,0.139274,0.749446,1.68245,0.469891,0.603775,0.426727,0.106791
"219",0.433699,0.980814,0.845728,0.14562,0.612545,1.70664,0.470548,0.623906,0.412507,0.103536
"220",0.341515,0.929067,0.981262,0.151233,0.783417,1.64384,0.486812,0.621193,0.383249,0.0947838
"221",0.430878,1.00618,0.928439,0.177116,0.785271,1.66627,0.424328,0.626136,0.339553,0.133998
"222",0.245765,0.844649,1.21793,0.0931328,0.707932,1.42433,0.554953,0.614754,0.298961,0.111811
"223",0.422608,0.914752,1.12625,0.121858,0.68306,1.39818,0.469592,0.629159,0.371837,0.122336
"224",0.227291,0.946038,1.25797,0.149029,0.684423,1.65645,0.554656,0.620023,0.484145,0.114507
"225",0.298599,1.02742,1.06545,0.170302,0.88445,1.34049,0.559261,0.603914,0.377657,0.10211
"226",0.305947,0.939739,1.4854,0.153657,0.911252,1.6266,0.513717,0.630516,0.372749,0.128234
"227",0.279779,1.00922,1.60473,0.173992,0.914384,1.51059,0.402084,0.624165,0.348543,0.144464
"228",0.160283,0.897678,1.66194,0.0827639,0.628498,1.44516,0.706932,0.615586,0.233615,0.112824
"229",0.182091,0.855558,1.52561,0.0874002,0.648484,1.49728,0.526015,0.607284,0.25885,0.114297
"230",0.388046,1.27372,0.775105,0.176335,0.750463,1.5709,0.541373,0.651406,0.370622,0.138763
"231",0.416006,1.22422,0.441187,0.154537,0.912006,1.53532,0.553942,0.62438,0.309174,0.112271
"232",0.421562,1.13442,0.595336,0.200252,0.936434,1.55844,0.520414,0.629548,0.333004,0.114746
"233",0.45214,1.15975,0.509356,0.173198,0.966666,1.47401,0.494704,0.626856,0.426055,0.145216
"234",0.564848,1.31442,0.169311,0.199536,0.809948,1.47111,0.555077,0.629194,0.290137,0.103846
"235",0.538992,1.1378,0.515572,0.0932721,0.842279,1.27402,0.591147,0.634277,0.307417,0.143266
"236",0.471223,1.21721,0.457911,0.151391,0.856802,1.34844,0.421134,0.626301,0.288359,0.113238
"237",0.470389,1.08217,1.17685,0.154085,0.780584,1.73948,0.499356,0.614703,0.411776,0.137525
"238",0.799892,1.24079,0.641002,0.144997,0.946836,1.48057,0.434586,0.598942,0.346861,0.103956
"239",0.859165,1.31801,0.502706,0.141029,0.929078,1.52056,0.444279,0.611492,0.416527,0.111083
"240",0.532867,1.16129,0.757168,0.166923,0.670991,1.77863,0.51373,0.60884,0.44209,0.0956241
"241",0.484334,1.15427,0.535749,0.12601,0.74102,1.24344,0.607273,0.595988,0.436431,0.101868
"242",0.410706,1.00461,1.07633,0.104102,0.565154,1.53389,0.394415,0.613139,0.398387,0.137961
"243",0.653532,1.02807,0.830677,0.155662,0.642872,1.8054,0.543427,0.621676,0.408513,0.121456
"244",0.657875,1.05177,0.782839,0.210467,0.910588,1.50704,0.544457,0.627338,0.399031,0.125589
"245",0.232482,0.750724,1.21953,0.0740071,0.539029,1.54929,0.426845,0.643207,0.27735,0.11446
"246",0.608316,0.930442,1.06246,0.112177,0.623191,1.69116,0.715743,0.623221,0.346102,0.125627
"247",0.5062,0.893523,1.1937,0.120615,0.770138,1.42271,0.656007,0.611066,0.310001,0.104792
"248",0.614868,1.06548,0.678491,0.162494,0.808085,1.74104,0.435226,0.59807,0.372917,0.123272
"249",0.62404,1.03912,0.720259,0.160609,0.784157,1.74219,0.430165,0.596246,0.361894,0.125545
"250",0.615471,1.21329,0.720877,0.180172,0.722198,1.49361,0.505868,0.63159,0.496936,0.114083
"251",0.486756,1.10805,1.04169,0.169893,0.699384,1.54157,0.560147,0.608969,0.474851,0.0873524
"252",0.384483,0.886604,1.16947,0.145345,0.798156,1.64155,0.476803,0.587993,0.400632,0.124964
"253",0.516637,1.03152,1.28717,0.250356,0.880992,1.64942,0.665637,0.623013,0.518176,0.104841
"254",0.264007,0.941911,1.56254,0.191638,0.898313,1.84228,0.36463,0.599857,0.445914,0.136931
"255",0.265031,1.09906,1.29702,0.147876,0.601374,1.48705,0.727466,0.635118,0.397686,0.110108
"256",0.200354,1.07031,1.47495,0.103459,0.61035,1.40742,0.636224,0.630157,0.391932,0.120128
"257",0.445735,1.16992,1.11686,0.167596,0.814406,1.83513,0.47357,0.641087,0.277646,0.122104
"258",0.377312,1.19255,0.971584,0.198963,0.885745,1.45513,0.558317,0.650701,0.383085,0.156751
"259",0.382631,1.21751,1.2718,0.113764,0.601222,1.62384,0.449257,0.610132,0.295107,0.0899503
"260",0.347136,0.929418,1.69092,0.105687,0.630624,1.6145,0.57615,0.661477,0.31341,0.123918
"261",0.377998,0.974982,1.43219,0.142507,0.687056,1.70894,0.439953,0.629812,0.327349,0.140451
"262",0.339196,1.14893,1.26126,0.0937267,0.576006,1.64805,0.549399,0.609035,0.383782,0.0929141
"263",0.26469,1.10937,1.08866,0.183323,0.807251,1.56195,0.438453,0.617128,0.421096,0.133391
"264",0.361848,1.05027,0.94118,0.136055,0.747681,1.56087,0.515843,0.622675,0.30419,0.120502
"265",0.398287,1.0325,0.943053,0.126805,0.595968,1.82434,0.475689,0.631194,0.399089,0.111769
"266",0.547438,1.19284,0.37054,0.158549,0.95062,1.35401,0.442067,0.625557,0.398073,0.115285
"267",0.279833,1.03281,0.93125,0.153855,0.571663,1.70309,0.470918,0.645083,0.296241,0.127554
"268",0.422613,1.25654,1.10411,0.1289,0.821907,1.25163,0.431056,0.626522,0.246964,0.119936
"269",0.429746,1.08961,1.22726,0.171867,0.798044,1.90225,0.632265,0.605907,0.427822,0.10735
"270",0.733189,1.26971,1.03282,0.185254,0.95898,1.57501,0.388344,0.611744,0.370045,0.126035
"271",0.577996,1.31808,0.676175,0.212123,0.814653,1.59572,0.658729,0.621981,0.365681,0.127309
"272",0.244689,1.04053,1.02864,0.136297,0.95507,1.49375,0.352903,0.623069,0.348483,0.100344
"273",0.355703,1.01959,1.18692,0.127687,0.712117,1.68465,0.732804,0.63607,0.343407,0.142812
"274",0.0906953,0.944361,1.05823,0.151372,0.891505,1.37456,0.446815,0.619256,0.432523,0.110005
"275",0.260037,1.11074,0.897523,0.159993,0.848429,1.59385,0.614945,0.602639,0.33356,0.0889235
"276",-0.120683,0.769842,1.30602,0.177619,0.836138,1.48355,0.561817,0.677684,0.269313,0.130859
"277",-0.386878,0.621125,1.35131,0.170345,0.891514,1.60069,0.892879,0.614364,0.292466,0.126044
"278",-0.226817,0.465399,1.05692,0.149051,0.784198,1.72769,0.600575,0.600618,0.368969,0.0951714
"279",-0.293289,0.4558,1.12353,0.166463,0.824501,1.72108,0.592754,0.597857,0.371849,0.095408
"280",-0.149096,0.475826,1.161,0.168918,0.790699,1.45834,0.689999,0.623178,0.407669,0.14025
"281",-0.0587507,0.619829,1.11715,0.128564,0.663882,1.6971,0.538241,0.626249,0.321781,0.119298
"282",0.0464293,0.848689,1.34866,0.195388,0.808655,1.57815,0.644739,0.614305,0.569293,0.120928
"283",-0.0827907,1.0694,1.80123,0.151271,0.857246,1.52572,0.535873,0.636598,0.279337,0.12002
"284",0.372985,1.2222,1.01741,0.163743,0.852463,1.66577,0.595159,0.585302,0.451234,0.104059
"285",0.352186,1.19946,1.0044,0.169752,0.806652,1.50297,0.48253,0.630861,0.43552,0.0966992
"286",0.572299,1.20918,0.877727,0.149417,0.856852,1.62507,0.501318,0.622722,0.42784,0.140521
"287",0.494542,1.27882,1.18926,0.135245,0.827983,1.45063,0.467486,0.591308,0.430551,0.108523
"288",0.497436,1.23892,1.11915,0.135275,0.834126,1.46489,0.444342,0.588654,0.429904,0.112558
"289",0.613164,1.19723,0.98097,0.159244,0.840438,1.63028,0.518528,0.625934,0.380797,0.109717
"290",0.484274,1.0611,1.09395,0.191063,0.821938,1.562,0.521139,0.638668,0.417168,0.145933
"291",0.645358,1.19207,0.698641,0.197154,0.902099,1.64808,0.378189,0.617677,0.355258,0.103169
"292",0.426899,1.1313,1.12891,0.146355,0.624508,1.7053,0.504333,0.603972,0.418025,0.0998532
"293",0.493297,1.23315,0.987881,0.140707,0.678285,1.54341,0.400059,0.629214,0.389186,0.12855
"294",0.418256,1.15183,1.22635,0.178826,0.812158,1.62725,0.621382,0.611208,0.414772,0.104762
"295",0.212579,1.01748,1.36303,0.189317,0.858699,1.66422,0.466542,0.60915,0.435072,0.108328
"296",0.418138,1.1091,1.63091,0.112011,0.745937,1.46766,0.540607,0.638004,0.245509,0.11248
"297",0.243222,0.818064,1.68201,0.131036,0.657606,1.6372,0.738946,0.621762,0.399394,0.116038
"298",0.343085,1.00695,1.33102,0.199032,0.889018,1.54096,0.905406,0.624389,0.404896,0.107503
"299",0.355694,1.0408,1.10327,0.165361,0.896354,1.54804,0.447987,0.633788,0.295981,0.128502
"300",0.430399,1.08297,1.10133,0.18794,0.773274,1.58983,0.506932,0.612184,0.572095,0.113522
"301",0.361763,0.929424,1.23168,0.201683,0.865517,1.65651,0.511423,0.601991,0.422058,0.110041
"302",0.412901,0.864031,1.16052,0.176865,0.867079,1.57327,0.516791,0.61452,0.478001,0.108397
"303",0.350956,0.895344,1.23451,0.17518,0.898937,1.62874,0.377353,0.594021,0.40327,0.10147
"304",0.354612,0.848961,1.01514,0.20777,0.895546,1.52912,0.575556,0.650036,0.381281,0.130138
"305",0.605336,1.02888,0.575079,0.121168,0.653057,1.56153,0.460179,0.60914,0.256711,0.105604
"306",0.465497,0.853851,0.828633,0.215118,0.945313,1.52682,0.52455,0.656782,0.394346,0.138652
"307",0.478139,0.960643,0.786109,0.119809,0.568989,1.69345,0.573996,0.605167,0.512098,0.103873
"308",0.5367,1.08032,0.656564,0.113202,0.523047,1.7109,0.462766,0.599074,0.366957,0.108238
"309",0.637761,1.19486,0.762062,0.167918,0.814071,1.4932,0.525747,0.615596,0.344153,0.131652
"310",0.722773,1.17218,0.983687,0.12204,0.666764,1.53015,0.523696,0.633078,0.352904,0.127907
"311",0.674839,1.33586,1.23786,0.158405,0.825663,1.47616,0.650076,0.631592,0.373197,0.109827
"312",0.616689,1.44039,1.39044,0.0873086,0.661522,1.53787,0.531626,0.637672,0.2922,0.117219
"313",0.551104,1.24821,0.868848,0.145832,0.639377,1.61266,0.506049,0.631064,0.343897,0.12062
"314",0.663233,1.38958,0.961729,0.209904,0.901782,1.55396,0.545281,0.652891,0.182291,0.147711
"315",0.341457,1.1467,1.02095,0.135856,0.700032,1.34944,0.456408,0.624341,0.339242,0.101695
"316",0.389892,1.13369,0.657404,0.173713,0.813323,1.7022,0.589294,0.626258,0.479878,0.128235
"317",0.519046,1.16526,0.666256,0.153625,0.937517,1.53807,0.435855,0.617265,0.307498,0.116048
"318",0.403795,0.969645,0.991119,0.104802,0.634974,1.40097,0.447971,0.631192,0.422731,0.0890751
"319",0.545568,1.15955,0.759889,0.146289,0.849789,1.54859,0.532422,0.637401,0.195094,0.136007
"320",0.712491,1.16885,0.849041,0.14118,0.771342,1.62109,0.41139,0.603195,0.443779,0.111
"321",0.723094,1.20678,0.741291,0.178951,0.719673,1.82407,0.485653,0.615118,0.397468,0.0959906
"322",0.786205,1.16108,0.604437,0.137607,0.904217,1.51923,0.616575,0.610081,0.349319,0.130821
"323",0.833406,1.26335,0.493015,0.176521,0.905324,1.51919,0.639585,0.615651,0.343053,0.141293
"324",0.645165,1.03778,0.816388,0.200242,0.758517,1.70724,0.663088,0.62456,0.401795,0.126779
"325",0.688886,1.18345,0.939954,0.185069,0.92481,1.57288,0.414331,0.648874,0.287998,0.141305
"326",0.652576,1.23814,1.08606,0.153915,0.939776,1.6548,0.410535,0.636564,0.294904,0.12557
"327",0.421458,1.25588,0.983038,0.138693,0.719816,1.63052,0.541524,0.601659,0.421266,0.104558
"328",0.252888,1.0645,1.08913,0.15286,0.770824,1.47299,0.604006,0.637398,0.366775,0.155817
"329",0.353938,0.949126,1.10787,0.202236,0.914286,1.57177,0.429281,0.600246,0.468153,0.0918777
"330",0.364188,1.09277,1.00227,0.135236,0.785145,1.52383,0.573922,0.639118,0.276994,0.10722
"331",0.500575,1.24443,0.825165,0.177251,0.77861,1.58545,0.387883,0.595211,0.507337,0.131821
"332",0.47699,1.45048,1.07074,0.190242,0.917988,1.68362,0.723324,0.63426,0.322932,0.0950482
"333",0.677488,1.5255,0.759661,0.102901,0.660349,1.34391,0.608296,0.630929,0.309109,0.161568
"334",0.458225,1.3073,0.982403,0.180396,0.873707,1.54301,0.488721,0.61882,0.351213,0.100415
"335",0.304348,1.27198,1.38317,0.168533,0.766101,1.56165,0.623307,0.620436,0.380215,0.134454
"336",0.376789,1.211,1.01588,0.163544,0.983303,1.55337,0.666935,0.617253,0.372469,0.0999694
"337",0.551304,1.35414,0.846512,0.168147,0.990972,1.35929,0.497538,0.611017,0.399457,0.157915
"338",0.7647,1.613,0.773822,0.110168,0.556973,1.84046,0.56804,0.63412,0.348397,0.101871
"339",0.769631,1.56748,1.19478,0.20535,0.789299,1.89834,0.529207,0.606661,0.490191,0.117165
"340",0.594011,1.43922,0.908329,0.139537,0.658747,1.55328,0.551927,0.602885,0.450164,0.119662
"341",0.336063,1.03082,0.763288,0.189457,0.860663,1.62466,0.388713,0.621786,0.401296,0.114204
"342",0.29718,1.01787,0.770131,0.184858,0.83173,1.58958,0.343527,0.616025,0.411754,0.121658
"343",0.483153,1.2661,0.951623,0.141275,0.786212,1.51319,0.615183,0.628715,0.295925,0.106575
"344",0.528841,1.15303,0.60256,0.145632,0.926904,1.22475,0.53655,0.640477,0.276813,0.138835
"345",0.685719,1.50608,0.60557,0.176883,0.784095,1.77294,0.516281,0.616897,0.394722,0.10912
"346",0.707183,1.49985,0.460654,0.163047,0.823242,1.73673,0.396623,0.609226,0.330769,0.0954522
"347",0.626299,1.33028,0.39612,0.1398,0.764259,1.45525,0.462134,0.630412,0.345257,0.102477
"348",0.778426,1.48166,0.230584,0.150588,0.783882,1.60249,0.485499,0.620792,0.33682,0.117513
"349",0.562019,1.16682,0.530662,0.133634,0.796472,1.47566,0.616169,0.620678,0.374637,0.129182
"350",0.581209,1.32603,0.604016,0.14749,0.842837,1.51643,0.495104,0.60403,0.37809,0.0863597
"351",0.561651,1.2205,0.956306,0.154421,0.726234,1.70105,0.504082,0.615644,0.33724,0.0760605
"352",0.574011,1.3501,1.01054,0.157094,0.730495,1.75279,0.418648,0.648757,0.377273,0.0807324
"353",0.467055,1.20409,1.04194,0.144883,0.606216,1.63432,0.392572,0.609873,0.378922,0.087911
"354",0.348249,0.990452,1.08671,0.186324,0.869337,1.4066,0.488017,0.626239,0.314517,0.128292
"355",0.43262,1.1371,1.38565,0.168475,0.893851,1.60586,0.485602,0.624657,0.397462,0.125655
"356",0.49377,1.19037,0.942173,0.159416,0.71124,1.45292,0.402293,0.596492,0.537973,0.122072
"357",0.625297,1.09742,0.845899,0.146655,0.86738,1.61671,0.498939,0.641293,0.247938,0.123925
"358",0.524884,1.04094,0.630191,0.222983,0.893221,1.43982,0.572205,0.612187,0.504061,0.140816
"359",0.463928,0.995016,0.799803,0.191867,0.899072,1.74053,0.510564,0.596624,0.381434,0.109073
"360",0.387576,0.852191,0.814705,0.140658,0.655674,1.61828,0.47545,0.626044,0.415912,0.122837
"361",0.481801,1.03391,0.426202,0.247178,0.895093,1.57408,0.623944,0.596537,0.526472,0.094437
"362",0.695163,1.26604,0.53994,0.135727,0.581107,1.52192,0.551963,0.638696,0.347795,0.131692
"363",0.520489,1.08569,0.597729,0.17992,0.899556,1.41045,0.505307,0.62004,0.287033,0.110336
"364",0.500194,1.11274,1.01841,0.098775,0.512604,1.51444,0.491522,0.640194,0.407424,0.126727
"365",0.554882,1.14028,1.07076,0.163786,0.724685,1.68405,0.586448,0.630483,0.346405,0.151194
"366",0.600613,1.21287,0.953672,0.188471,0.868711,1.75392,0.412053,0.624372,0.373016,0.12986
"367",0.384684,1.15564,1.37424,0.137596,0.664667,1.52085,0.641266,0.608145,0.476124,0.103888
"368",0.364945,1.0758,1.29078,0.0925315,0.586195,1.5934,0.461678,0.605491,0.30538,0.124727
"369",0.129174,0.88178,1.76481,0.167004,0.772345,1.70556,0.569131,0.611147,0.360941,0.125838
"370",0.134905,0.961465,1.83671,0.140578,0.632721,1.53155,0.624724,0.616411,0.520465,0.123265
"371",0.336567,1.35425,1.52296,0.161307,0.894733,1.65811,0.677936,0.605504,0.373233,0.1182
"372",0.440171,1.42153,1.58672,0.206042,0.928121,1.62401,0.495586,0.614846,0.510827,0.0992037
"373",0.589077,1.56111,1.04333,0.162362,0.819686,1.62978,0.612422,0.648792,0.235853,0.137264
"374",0.44991,1.30104,1.55723,0.136113,0.763784,1.52901,0.548404,0.573597,0.402025,0.108625
"375",0.606958,1.61685,1.00368,0.152535,0.76705,1.45473,0.635771,0.634754,0.319275,0.127686
"376",0.578309,1.43992,1.2006,0.147954,0.910213,1.55568,0.431103,0.626492,0.389924,0.12086
"377",0.629666,1.42111,1.12347,0.135642,0.733833,1.57059,0.712479,0.623804,0.420331,0.125813
"378",0.599476,1.31303,1.12142,0.206434,0.921742,1.74296,0.442533,0.595234,0.456018,0.104435
"379",0.839653,1.56993,0.942224,0.199036,0.94336,1.53804,0.616485,0.627972,0.402534,0.107732
"380",0.49324,1.18702,1.39527,0.167046,0.835098,1.72209,0.543385,0.618555,0.356202,0.130825
"381",0.468041,1.23472,1.38921,0.150163,0.867618,1.45964,0.529049,0.631983,0.342606,0.11342
"382",0.496697,1.19871,1.22376,0.155859,0.773083,1.50329,0.570397,0.619692,0.353087,0.10967
"383",0.472319,0.872519,1.41408,0.229161,0.924371,1.74883,0.484887,0.627701,0.569735,0.139378
"384",0.512418,1.19407,0.764923,0.123104,0.646492,1.29657,0.479768,0.628136,0.291106,0.095406
"385",0.491699,1.3993,0.872388,0.166245,0.802933,1.76607,0.571205,0.607106,0.546116,0.12757
"386",0.66366,1.25117,0.851074,0.164867,0.878523,1.48212,0.468103,0.628534,0.267717,0.10882
"387",0.609913,1.1438,1.01071,0.136669,0.83153,1.39056,0.462023,0.62443,0.260494,0.0995543
"388",0.500991,1.05839,1.24383,0.124956,0.669405,1.38711,0.565187,0.613132,0.41857,0.128946
"389",0.54389,1.0439,0.756934,0.111265,0.62187,1.59223,0.475465,0.64663,0.302253,0.131633
"390",0.538945,1.0527,0.834147,0.114487,0.570534,1.55342,0.463151,0.646677,0.371389,0.136693
"391",0.257066,0.793946,1.06021,0.109868,0.763563,1.29984,0.567512,0.575773,0.386903,0.104575
"392",0.517692,1.0202,0.75574,0.139236,0.673886,1.69231,0.473575,0.587494,0.504168,0.122693
"393",0.512949,1.02618,0.869292,0.156868,0.731999,1.59088,0.534245,0.606372,0.420368,0.0972555
"394",0.480807,1.01119,1.07791,0.100004,0.612021,1.43965,0.503515,0.589647,0.4512,0.106031
"395",0.670161,1.19927,1.01379,0.197442,0.812165,1.59095,0.590836,0.602591,0.376687,0.10028
"396",0.516505,0.898996,1.25567,0.11679,0.671624,1.48105,0.47926,0.634425,0.301944,0.123796
"397",0.505062,0.891353,1.24002,0.12713,0.911915,1.33453,0.513189,0.629293,0.328822,0.126708
"398",0.467502,1.12192,0.90607,0.216592,0.870711,1.6224,0.503551,0.619054,0.428878,0.104082
"399",0.194417,0.723204,1.21985,0.193761,0.85174,1.65705,0.534923,0.612856,0.434514,0.126035
"400",0.0906745,0.803224,1.37942,0.186653,0.930022,1.47256,0.44889,0.602772,0.383879,0.0931254
"401",0.334783,0.902001,1.03661,0.118628,0.514799,1.80452,0.620073,0.611289,0.367396,0.124292
"402",0.189954,0.815526,1.32047,0.113927,0.618529,1.6861,0.638088,0.593429,0.407336,0.097875
"403",0.212169,1.08903,1.4693,0.0977966,0.619568,1.54011,0.631016,0.633551,0.284881,0.113493
"404",0.391597,1.13247,1.21649,0.164801,0.827366,1.52737,0.399436,0.616997,0.397681,0.149462
"405",0.313325,1.05216,1.29645,0.176843,0.793901,1.58734,0.446638,0.624652,0.385028,0.135823
"406",0.264304,1.04368,1.44566,0.158863,0.83806,1.58174,0.470114,0.629295,0.404813,0.145474
"407",0.458787,1.31224,1.16631,0.136047,0.7579,1.52839,0.454465,0.64965,0.31726,0.11282
"408",0.464762,1.25163,1.10113,0.113953,0.603836,1.69894,0.560161,0.638188,0.327424,0.122347
"409",0.387258,1.11441,1.34756,0.14855,0.765838,1.55218,0.434573,0.602635,0.514786,0.120726
"410",0.57657,1.22879,1.44189,0.166539,0.831519,1.65622,0.453105,0.602133,0.337071,0.117948
"411",0.212367,0.864711,1.83517,0.174096,0.820258,1.65597,0.680664,0.622849,0.373579,0.12329
"412",0.298495,0.989584,1.48671,0.186315,0.863392,1.54353,0.571656,0.648248,0.361652,0.120973
"413",0.089025,0.709499,1.79728,0.170036,0.792595,1.62463,0.610983,0.620084,0.366797,0.121361
"414",0.277104,0.900897,1.47101,0.152448,0.836283,1.5644,0.546382,0.637347,0.329619,0.0989133
"415",0.235021,0.99042,1.4457,0.189768,0.874207,1.68478,0.749278,0.628322,0.355724,0.11395
"416",0.161357,0.921777,1.42121,0.158238,0.735608,1.57041,0.431373,0.623997,0.366631,0.100161
"417",0.134406,0.940388,1.72429,0.0841939,0.490699,1.70822,0.480284,0.605345,0.409574,0.110203
"418",0.0842567,0.857904,1.93678,0.106393,0.59559,1.7305,0.555435,0.614325,0.392668,0.110838
"419",0.185468,1.02373,1.82466,0.122548,0.589059,1.76237,0.455302,0.602791,0.447726,0.104789
"420",0.314376,1.13795,1.19352,0.152126,0.616307,1.57714,0.491917,0.581423,0.454132,0.084569
"421",0.398716,1.15794,0.732104,0.213868,0.907848,1.64604,0.592317,0.63645,0.387852,0.141608
"422",0.508499,1.19407,0.670103,0.1913,0.765405,1.61673,0.485986,0.62895,0.410781,0.137567
"423",0.406679,1.12081,0.628581,0.164727,0.68824,1.80592,0.395136,0.610116,0.402481,0.116365
"424",0.39563,1.13605,0.869045,0.183106,0.833084,1.4051,0.549801,0.621751,0.348954,0.0871306
"425",0.416069,1.03344,1.06174,0.165421,0.954285,1.52202,0.395925,0.636682,0.33336,0.112758
"426",0.479586,1.03772,1.03047,0.117959,0.516384,1.55591,0.52025,0.635617,0.356269,0.13225
"427",0.350694,1.10079,1.21516,0.197217,0.961596,1.61786,0.415931,0.60386,0.490461,0.0887451
"428",0.424946,1.17933,1.16354,0.203529,0.857313,1.90934,0.406847,0.612279,0.409041,0.104707
"429",0.501095,1.26142,1.03752,0.182324,0.737455,1.66813,0.505273,0.601104,0.506174,0.11355
"430",0.853301,1.47548,1.0848,0.108226,0.675957,1.45646,0.546175,0.617066,0.334234,0.113777
"431",0.728745,1.36402,1.2362,0.133313,0.681615,1.61148,0.512069,0.619942,0.381991,0.0956115
"432",0.639158,1.19766,1.2074,0.16149,0.852167,1.41782,0.659518,0.632797,0.367701,0.149122
"433",0.652755,1.43437,0.868956,0.105966,0.578599,1.66069,0.551996,0.616771,0.388113,0.0903462
"434",0.617291,1.45907,0.908642,0.227292,0.916679,1.60659,0.522767,0.618598,0.483774,0.142787
"435",0.684177,1.45045,0.801601,0.149976,0.73849,1.67661,0.472259,0.624776,0.380029,0.111349
"436",0.689204,1.46059,0.724956,0.177199,0.810902,1.67481,0.51056,0.605548,0.38042,0.0979836
"437",0.694532,1.48548,0.763549,0.188526,0.827226,1.64719,0.456779,0.616423,0.360369,0.100176
"438",0.389456,0.957663,1.06182,0.150464,0.678525,1.50243,0.52955,0.626022,0.353646,0.127069
"439",0.486089,1.03572,1.1142,0.121502,0.87755,1.36861,0.355196,0.605021,0.333703,0.0831627
"440",0.427187,0.916667,1.62695,0.139791,0.721414,1.4836,0.477396,0.623385,0.454533,0.0990813
"441",0.46137,0.913579,1.60945,0.158283,0.856048,1.48429,0.542816,0.598285,0.42167,0.111877
"442",0.716758,1.21919,1.07287,0.111521,0.56334,1.53011,0.693069,0.62833,0.37498,0.126785
"443",0.683021,1.1741,1.49051,0.135242,0.720258,1.63721,0.55177,0.626046,0.351264,0.107778
"444",0.636781,1.17673,1.45009,0.141022,0.702127,1.7012,0.525677,0.62817,0.399577,0.107546
"445",0.719549,1.2372,1.37169,0.139561,0.745263,1.62746,0.555744,0.618574,0.361973,0.125262
"446",0.669223,1.22168,1.13269,0.167593,0.731889,1.65978,0.576183,0.631355,0.435931,0.150344
"447",0.594954,1.32899,0.721805,0.178372,0.783346,1.73737,0.432413,0.600635,0.448242,0.102714
"448",0.465731,1.29596,0.908021,0.19376,0.787013,1.69082,0.391539,0.588941,0.534069,0.0942618
"449",0.433236,1.0486,0.898873,0.107126,0.6687,1.5484,0.46557,0.617093,0.374904,0.127702
"450",0.482776,1.0278,0.721935,0.185355,0.934969,1.65342,0.538533,0.598691,0.392999,0.0962877
"451",0.316777,0.946676,0.812827,0.233234,0.827962,1.82314,0.377696,0.612052,0.492425,0.118655
"452",0.272437,1.08104,1.08387,0.162303,0.873568,1.48357,0.561501,0.616489,0.321858,0.092775
"453",0.104961,0.737054,1.24937,0.130246,0.60422,1.66755,0.436469,0.621768,0.425611,0.13151
"454",0.197846,0.887399,1.03742,0.142703,0.755852,1.69946,0.610627,0.60686,0.422164,0.101662
"455",0.370996,1.10422,1.19348,0.0849647,0.653729,1.33836,0.525981,0.624809,0.28993,0.132245
"456",0.368168,1.03513,1.09338,0.121066,0.707813,1.55523,0.456121,0.634002,0.304249,0.124901
"457",0.208021,1.03757,1.43907,0.208915,0.898171,1.65411,0.536949,0.656384,0.273655,0.0955624
"458",0.238824,0.972884,1.22271,0.155831,0.917018,1.52969,0.577317,0.621464,0.351682,0.100621
"459",0.281901,0.984779,1.09772,0.157109,0.769521,1.4685,0.481963,0.614558,0.348855,0.120955
"460",0.21835,0.939142,1.2997,0.211396,0.900132,1.8064,0.508943,0.614469,0.485341,0.111071
"461",0.312732,0.93002,1.0621,0.220995,0.963592,1.59796,0.48979,0.598759,0.440883,0.113766
"462",0.215433,0.972562,0.953186,0.18379,0.928033,1.5823,0.417079,0.611167,0.454563,0.0841158
"463",0.403677,1.15586,0.86548,0.142643,0.744269,1.76031,0.512465,0.626487,0.333944,0.0890534
"464",0.356365,1.0588,0.734818,0.146349,0.803526,1.53588,0.552105,0.61692,0.327214,0.1164
"465",0.396305,1.02727,0.740541,0.168224,0.900548,1.44248,0.485154,0.635643,0.419809,0.136971
"466",0.252806,0.928242,0.999739,0.153129,0.916268,1.37061,0.514405,0.623186,0.255304,0.138732
"467",0.348248,1.16171,1.27203,0.228844,0.78677,1.77631,0.466819,0.637584,0.42573,0.1143
"468",0.426233,1.25657,1.28827,0.21717,0.849949,1.69981,0.43767,0.6245,0.401098,0.113546
"469",0.402697,1.269,1.10238,0.101645,0.761784,1.42745,0.580543,0.622952,0.319423,0.113985
"470",0.344116,1.23795,1.02513,0.13318,0.662238,1.35414,0.459864,0.608767,0.34418,0.114925
"471",0.315402,0.977437,1.00433,0.190631,0.869476,1.68414,0.49793,0.622031,0.412127,0.118212
"472",0.476277,0.990106,0.986282,0.13359,0.725296,1.6326,0.417575,0.5975,0.396157,0.0817105
"473",0.631104,1.11679,0.932026,0.146883,0.766081,1.63768,0.481079,0.607522,0.437843,0.0991292
"474",0.697298,1.09748,0.655765,0.22363,0.97974,1.84838,0.59048,0.620342,0.489227,0.131718
"475",0.865524,1.57171,0.821583,0.134392,0.779989,1.60315,0.496047,0.634045,0.405614,0.108157
"476",0.516965,1.3307,0.843046,0.212671,0.958026,1.6637,0.542365,0.613569,0.40229,0.120353
"477",0.29473,0.86634,0.776666,0.0652605,0.500216,1.47116,0.471214,0.623361,0.309668,0.130055
"478",0.354132,1.14045,1.06046,0.185193,0.900734,1.60259,0.554948,0.625266,0.30453,0.0967274
"479",0.39155,1.05727,0.898703,0.125471,0.708605,1.35826,0.573642,0.633087,0.319017,0.139084
"480",0.158594,0.882111,1.46669,0.132533,0.546995,1.72913,0.561889,0.617668,0.466779,0.083827
"481",-0.109862,0.799121,1.45501,0.130618,0.677973,1.63617,0.517844,0.606002,0.372082,0.0999779
"482",0.179991,0.851366,1.15282,0.18856,0.925981,1.61571,0.565906,0.630776,0.307084,0.137593
"483",0.514246,0.982733,0.772394,0.133816,0.675798,1.57712,0.487017,0.595252,0.37389,0.104797
"484",0.546715,0.990912,0.749671,0.167816,0.885025,1.62947,0.45066,0.621597,0.463361,0.103306
"485",0.659992,1.21071,0.770511,0.159844,0.845696,1.42298,0.354862,0.597754,0.350383,0.123576
"486",0.605124,0.964965,0.643156,0.202352,0.814126,1.81267,0.743148,0.647376,0.291859,0.123224
"487",0.77193,1.10718,0.351583,0.171721,0.863995,1.37273,0.512443,0.590946,0.379537,0.130485
"488",0.621356,1.07501,0.88136,0.26996,0.948428,1.8349,0.532998,0.650986,0.21042,0.121496
"489",0.566311,1.05905,1.03946,0.235017,0.907694,1.79512,0.548071,0.669456,0.268855,0.104935
"490",0.505251,0.958888,1.17949,0.198551,0.847521,1.60164,0.616455,0.662778,0.33245,0.110516
"491",0.393786,1.01868,1.07342,0.193803,0.937153,1.56499,0.418065,0.603057,0.350488,0.118689
"492",0.391082,1.15116,0.875241,0.143736,0.836857,1.39893,0.525362,0.616414,0.374675,0.11343
"493",0.41203,1.1385,0.904224,0.156934,0.859053,1.41117,0.40859,0.635627,0.297138,0.11149
"494",0.44487,1.10722,1.04687,0.155508,0.705745,1.70281,0.572211,0.595133,0.468811,0.121605
"495",0.551832,1.12449,1.01168,0.14192,0.771432,1.58499,0.531691,0.59577,0.36051,0.108987
"496",0.408989,0.994419,0.978633,0.166541,0.594956,1.75441,0.519173,0.64369,0.424594,0.120081
"497",0.484865,0.909664,0.701756,0.144561,0.988005,1.33254,0.574401,0.607959,0.326373,0.113296
"498",0.414449,0.946014,0.932984,0.197289,0.848796,1.58106,0.609485,0.615489,0.372274,0.144037
"499",0.425027,0.84966,0.79917,0.165274,0.890567,1.45825,0.627167,0.632727,0.330499,0.106211
"500",0.396709,0.767793,0.904764,0.15125,0.831685,1.4477,0.590803,0.610046,0.421746,0.109152
"501",0.753955,1.49417,0.541477,0.127495,0.719878,1.56389,0.590192,0.613046,0.390065,0.125733
"502",0.738909,1.37252,0.415759,0.129183,0.795067,1.33383,0.512345,0.635963,0.312614,0.12871
"503",0.677123,1.69061,1.11286,0.169334,0.73512,1.73655,0.612091,0.632308,0.326499,0.120921
"504",0.887004,1.81164,0.56644,0.165931,0.886394,1.41109,0.797855,0.613712,0.393477,0.110145
"505",1.03301,2.0132,0.410263,0.183561,0.846257,1.46806,0.798807,0.619808,0.408665,0.115892
"506",0.966735,1.76325,0.462175,0.163671,0.763594,1.71882,0.628167,0.610872,0.461115,0.120443
"507",0.827965,1.64872,0.60541,0.129103,0.632593,1.51676,0.552976,0.621777,0.428719,0.1037
"508",0.868677,1.53598,1.059,0.159525,0.806135,1.72071,0.628774,0.611236,0.392317,0.144095
"509",0.176738,0.956106,1.70658,0.162161,0.876923,1.32846,0.470454,0.636111,0.275458,0.108196
"510",0.362051,1.00676,0.948019,0.205754,0.97056,1.68253,0.621701,0.604749,0.458732,0.119669
"511",0.40945,1.07857,0.721357,0.145797,0.591048,1.48599,0.386289,0.636077,0.366185,0.116017
"512",0.500339,1.25508,1.0881,0.150625,0.76241,1.4769,0.57849,0.607419,0.463637,0.100859
"513",0.460896,0.962752,1.01559,0.148215,0.910784,1.66113,0.46564,0.612577,0.396808,0.124495
"514",0.462967,1.08942,1.01722,0.167059,0.818004,1.65953,0.475468,0.61214,0.359606,0.123847
"515",0.43262,1.14739,0.929166,0.127962,0.622755,1.36824,0.34473,0.622966,0.453312,0.12394
"516",0.360386,0.942158,1.32868,0.20527,0.925395,1.85391,0.514798,0.596891,0.475109,0.115657
"517",0.518105,1.08103,1.16908,0.228865,0.948089,1.67721,0.494413,0.612872,0.413371,0.0976933
"518",0.668826,1.03992,0.894234,0.233793,0.932088,1.78063,0.402838,0.649798,0.33857,0.137608
"519",0.550897,1.09371,0.728899,0.141601,0.876446,1.45148,0.594709,0.608651,0.347902,0.0977978
"520",0.673897,1.25991,0.584885,0.142061,0.909068,1.42985,0.635875,0.603997,0.330014,0.11255
"521",0.472312,0.959839,1.25197,0.162408,0.705546,1.76201,0.610334,0.63128,0.306218,0.152226
"522",0.383961,0.888426,1.265,0.177547,0.848475,1.47694,0.477385,0.619373,0.373552,0.0840501
"523",0.584915,0.979843,0.859198,0.194378,0.974655,1.75451,0.465274,0.611075,0.346028,0.102654
"524",0.543542,0.934113,1.03543,0.215518,0.977817,1.6088,0.489799,0.614035,0.371281,0.112329
"525",0.614082,1.18602,1.14538,0.187474,0.736657,1.54773,0.607639,0.629769,0.381896,0.124429
"526",0.620203,1.25215,1.03673,0.143152,0.709306,1.54413,0.568898,0.611869,0.362866,0.1177
"527",0.403794,1.09013,1.25325,0.164141,0.873543,1.56064,0.422026,0.609025,0.434279,0.114657
"528",0.360312,0.965598,0.986274,0.210185,0.837659,1.56218,0.560184,0.645421,0.458811,0.11141
"529",0.54459,1.30521,0.824883,0.133897,0.776014,1.6479,0.497676,0.612091,0.301847,0.105525
"530",0.426442,1.26174,1.06421,0.147061,0.797503,1.4681,0.42908,0.657364,0.296257,0.123193
"531",0.337522,1.16909,1.29406,0.145096,0.704378,1.71576,0.404681,0.635074,0.329146,0.113687
"532",0.439709,1.19819,1.21491,0.178505,0.825718,1.46392,0.521037,0.614948,0.460789,0.136552
"533",0.66304,1.37625,1.05885,0.155129,0.652379,1.62735,0.5128,0.620107,0.367293,0.0903187
"534",0.443778,1.25194,0.87131,0.17371,0.831525,1.42928,0.558004,0.632856,0.377048,0.157362
"535",0.496223,1.13877,0.978106,0.1887,0.933829,1.72296,0.388501,0.622733,0.317532,0.110588
"536",0.328906,0.896333,1.32888,0.182929,0.925772,1.49898,0.422066,0.621232,0.407969,0.109972
"537",0.58749,1.22073,0.528021,0.109473,0.609942,1.67075,0.52886,0.633493,0.386741,0.139956
"538",0.515353,1.08695,0.793722,0.159952,0.737061,1.5467,0.475413,0.597398,0.437114,0.103823
"539",0.595574,1.12204,0.845362,0.180269,0.889986,1.59629,0.474253,0.630065,0.343339,0.111616
"540",0.578228,1.42455,0.58738,0.234536,0.859328,1.62607,0.466204,0.622369,0.379235,0.100345
"541",0.552361,1.30674,0.519634,0.187109,0.930258,1.58754,0.394484,0.628904,0.466,0.119663
"542",0.391283,0.982896,0.886701,0.14379,0.785655,1.38625,0.536052,0.620025,0.289637,0.130727
"543",0.324952,0.944611,0.884892,0.126287,0.572374,1.50707,0.418871,0.591403,0.508382,0.11034
"544",0.368338,0.968583,0.789804,0.161194,0.885938,1.55306,0.620588,0.639987,0.288227,0.138839
"545",0.446998,1.09679,0.746032,0.160748,0.845954,1.64799,0.445775,0.618224,0.390093,0.106485
"546",0.407112,1.18119,1.07752,0.187745,0.729809,1.62027,0.43859,0.58844,0.512147,0.0932739
"547",0.403449,0.997777,0.850011,0.141301,0.784159,1.54717,0.588881,0.658447,0.293917,0.129971
"548",0.499153,0.873631,1.21737,0.18111,0.846646,1.60753,0.456809,0.594878,0.47372,0.121611
"549",0.407888,1.08157,1.15504,0.0749067,0.617974,1.40893,0.642535,0.629137,0.291263,0.125567
"550",0.208617,0.954344,1.44109,0.129792,0.749843,1.33923,0.374389,0.599898,0.397966,0.117544
"551",0.24544,0.844291,1.32206,0.119374,0.885203,1.37462,0.478875,0.614789,0.293269,0.121082
"552",0.370808,0.992677,1.16003,0.130996,0.920171,1.42136,0.426735,0.604039,0.348211,0.113816
"553",0.215085,0.935905,1.12908,0.182002,0.795219,1.68793,0.567318,0.637579,0.376072,0.13275
"554",0.214323,0.938808,1.08697,0.183313,0.791226,1.70285,0.560938,0.635686,0.396088,0.132689
"555",0.120299,0.961247,0.968591,0.205228,0.977681,1.66194,0.428953,0.627961,0.435752,0.124764
"556",0.308352,0.977907,1.30704,0.129909,0.662387,1.44047,0.605017,0.651026,0.391658,0.113559
"557",0.223277,0.880033,1.68433,0.0986404,0.742483,1.26272,0.384679,0.595781,0.275466,0.136908
"558",0.140759,0.790328,1.43032,0.170678,0.777241,1.60331,0.58637,0.65193,0.302726,0.138558
"559",0.172163,0.831302,1.40676,0.161297,0.785167,1.58948,0.556992,0.653196,0.33268,0.142327
"560",0.530391,1.07781,0.996785,0.157902,0.862918,1.49942,0.419822,0.618334,0.378286,0.107791
"561",0.493623,1.10703,0.788124,0.124488,0.681793,1.42886,0.462336,0.6239,0.377252,0.100317
"562",0.591419,1.02679,0.717136,0.110827,0.744814,1.62082,0.546205,0.61207,0.344949,0.141775
"563",0.631496,1.08978,0.580297,0.148415,0.847098,1.50316,0.439257,0.640782,0.304369,0.104362
"564",0.393775,0.849238,0.781657,0.138667,0.681798,1.65563,0.543984,0.652471,0.287853,0.154219
"565",0.254609,0.605842,1.07698,0.198685,0.931633,1.63019,0.596727,0.649123,0.273805,0.134042
"566",0.328565,0.786619,0.741743,0.197155,0.952671,1.51758,0.545793,0.633902,0.33681,0.110062
"567",0.620847,1.32512,0.5852,0.180242,0.923456,1.48829,0.455031,0.617739,0.281548,0.121287
"568",0.542077,1.22342,0.678007,0.177819,0.922076,1.37742,0.49736,0.620267,0.397891,0.109575
"569",0.407374,1.26816,0.967719,0.210818,0.864674,1.84846,0.497909,0.600212,0.377056,0.130702
"570",0.398799,1.33937,1.00692,0.241262,0.954521,1.78791,0.574415,0.651904,0.436588,0.115418
"571",0.419943,1.41258,1.19435,0.0582302,0.527322,1.37312,0.593151,0.612688,0.334381,0.118981
"572",0.644207,1.46891,0.745805,0.162905,0.843352,1.37845,0.541067,0.630172,0.343027,0.117054
"573",0.66991,1.43458,0.855926,0.146282,0.800876,1.5987,0.672782,0.618839,0.376849,0.12885
"574",0.709729,1.47632,0.776166,0.175009,0.836601,1.63623,0.44505,0.636762,0.322949,0.121504
"575",0.589546,1.19716,0.946582,0.172669,0.821968,1.63927,0.541261,0.636771,0.353038,0.125524
"576",0.530424,1.01092,0.899609,0.18936,0.912841,1.44453,0.467715,0.623177,0.373035,0.125819
"577",0.593328,1.13593,0.826452,0.136349,0.654213,1.7711,0.608769,0.60509,0.466389,0.107817
"578",0.686865,1.26162,0.504043,0.187878,0.914451,1.56581,0.397928,0.645997,0.348065,0.117082
"579",0.50974,1.29921,1.36428,0.114574,0.578668,1.55052,0.601687,0.595294,0.47354,0.106284
"580",0.533499,1.27647,1.50586,0.0914059,0.433216,1.9543,0.670922,0.609802,0.351885,0.114827
"581",0.478668,1.16616,0.946152,0.0727688,0.52544,1.28986,0.438606,0.647443,0.312749,0.126637
"582",0.523327,1.169,1.21069,0.185968,0.905289,1.67251,0.551202,0.636986,0.295846,0.103168
"583",0.354108,1.0832,1.51798,0.109864,0.916428,1.22571,0.47959,0.63668,0.283232,0.126966
"584",0.318627,1.10139,1.60037,0.109754,0.735084,1.31203,0.572627,0.619454,0.324286,0.119651
"585",0.459977,1.1367,1.2649,0.115406,0.741453,1.41458,0.558826,0.625623,0.300894,0.111061
"586",0.485302,1.08346,0.914883,0.182659,0.803646,1.77665,0.436816,0.607459,0.412409,0.130292
"587",0.647105,1.47216,0.856771,0.15589,0.884867,1.37222,0.510581,0.645924,0.32583,0.118976
"588",0.786105,1.59568,0.86426,0.18056,0.910334,1.70958,0.699204,0.619078,0.359993,0.110602
"589",0.277305,1.1079,1.06668,0.138342,0.661724,1.56447,0.388106,0.609411,0.404139,0.123668
"590",0.419793,1.21976,1.2397,0.137952,0.759509,1.71697,0.449352,0.611425,0.397509,0.107546
"591",0.467679,1.22936,0.897674,0.208906,0.901087,1.63156,0.440174,0.627934,0.362094,0.123367
"592",0.588065,1.27362,1.07224,0.154658,0.77921,1.63098,0.553314,0.609768,0.404171,0.0840367
"593",0.481591,1.25785,1.25398,0.150942,0.731153,1.41948,0.467449,0.638701,0.280114,0.158333
"594",0.564119,1.3245,1.05306,0.119485,0.778133,1.33475,0.513308,0.63421,0.324747,0.12254
"595",0.557262,1.15805,0.677494,0.227124,0.851822,1.76893,0.512743,0.606464,0.42859,0.120035
"596",0.69498,1.28542,0.599807,0.190824,0.906145,1.71382,0.420915,0.607527,0.510689,0.117351
"597",0.331317,0.936237,1.05718,0.174051,0.879587,1.75654,0.442939,0.616218,0.436391,0.112664
"598",0.189313,0.816606,1.52449,0.127253,0.812232,1.46241,0.509619,0.618793,0.342493,0.133835
"599",0.320171,0.99589,1.39891,0.143142,0.699993,1.58187,0.366241,0.650318,0.302648,0.132053
"600",0.375911,1.08589,1.69184,0.171638,0.870635,1.5481,0.746072,0.602752,0.495919,0.100402
"601",0.367708,1.18566,1.36236,0.136797,0.681376,1.57787,0.420568,0.627237,0.32234,0.116698
"602",0.439256,1.10687,0.938748,0.137775,0.692955,1.65799,0.569455,0.619996,0.366739,0.0955811
"603",0.483921,1.08187,1.19504,0.160004,0.894897,1.58978,0.373722,0.603749,0.422715,0.14699
"604",0.514655,1.19684,1.10977,0.190636,0.786477,1.65714,0.632788,0.625453,0.405638,0.0944137
"605",0.515604,1.13395,1.16366,0.170183,0.875454,1.50986,0.411571,0.614726,0.443508,0.126745
"606",0.50759,1.0187,0.906154,0.188339,0.836277,1.88559,0.409759,0.642828,0.374087,0.108021
"607",0.299105,0.804871,1.13682,0.169431,0.909725,1.45153,0.605504,0.617697,0.390935,0.111732
"608",0.354119,0.650966,0.888492,0.184812,0.876764,1.57985,0.51174,0.636986,0.378622,0.124989
"609",0.362428,0.673161,0.904277,0.186404,0.874938,1.56672,0.512949,0.636357,0.377895,0.125585
"610",0.424722,0.804628,0.850659,0.1204,0.712432,1.50673,0.68046,0.636097,0.292213,0.121609
"611",0.577465,0.945124,0.743279,0.125862,0.770182,1.49395,0.707309,0.649543,0.267401,0.118637
"612",1.13833,1.73199,0.652839,0.127745,0.792598,1.49925,0.496061,0.631501,0.337407,0.134879
"613",0.791588,1.3678,0.770277,0.137084,0.667594,1.7255,0.576853,0.608028,0.385459,0.101852
"614",0.770274,1.31415,0.790039,0.131546,0.731737,1.56739,0.514558,0.61965,0.400084,0.116773
"615",0.797374,1.40685,0.86504,0.190796,0.832196,1.4059,0.691927,0.630573,0.337438,0.139813
"616",0.794318,1.47283,0.929376,0.0865483,0.579017,1.46248,0.566221,0.641972,0.266295,0.0967361
"617",0.778746,1.51219,0.989323,0.106394,0.690931,1.54695,0.570487,0.665235,0.28403,0.0914798
"618",0.833247,1.37409,0.924339,0.0902785,0.761324,1.30153,0.663147,0.585468,0.380535,0.119464
"619",0.82022,1.34551,0.964618,0.0777538,0.756165,1.31488,0.697952,0.58825,0.353515,0.122845
"620",0.434837,1.13665,0.991815,0.182181,0.72462,1.80331,0.350248,0.657121,0.280241,0.118462
"621",0.49662,1.08587,0.866709,0.137287,0.861838,1.33814,0.482736,0.61023,0.342988,0.134906
"622",0.483845,1.20589,1.09389,0.102034,0.499888,1.64766,0.463371,0.665853,0.291571,0.0948515
"623",0.640033,1.3803,0.922345,0.162178,0.762901,1.70084,0.576288,0.629093,0.289341,0.137926
"624",0.684267,1.50656,0.418368,0.132558,0.808699,1.44992,0.554385,0.665628,0.299476,0.111416
"625",0.400424,1.41642,0.723722,0.183952,0.801817,1.42873,0.571736,0.613004,0.470866,0.116114
"626",0.313494,1.17821,1.28838,0.125656,0.820852,1.57804,0.595968,0.649727,0.176047,0.130831
"627",0.335034,1.30071,1.09184,0.150551,0.781225,1.38423,0.517361,0.617446,0.406726,0.110133
"628",0.230215,0.998386,1.24489,0.216546,0.906824,1.79454,0.481769,0.609495,0.431286,0.119461
"629",0.109011,0.99983,1.03869,0.22261,0.878239,1.6803,0.638356,0.612088,0.472663,0.117357
"630",0.220599,1.09605,1.03522,0.181186,0.815895,1.49057,0.586965,0.623542,0.489683,0.108102
"631",0.440269,1.2734,0.874103,0.161772,0.870754,1.64666,0.489625,0.636913,0.274119,0.137721
"632",0.523234,1.3353,0.682003,0.232824,0.906899,1.71974,0.534137,0.630639,0.457924,0.121956
"633",0.480131,1.29281,0.903625,0.203922,0.92743,1.63555,0.474164,0.620325,0.500965,0.125966
"634",0.313955,1.08762,0.980969,0.128757,0.642598,1.36004,0.497805,0.635722,0.337994,0.103911
"635",0.476329,1.19697,0.92789,0.210631,0.821739,1.69473,0.43924,0.63423,0.466802,0.119395
"636",0.473608,1.0591,0.625094,0.157676,0.769064,1.46236,0.502439,0.617218,0.387877,0.120752
"637",0.50113,1.19543,0.578737,0.141932,0.773362,1.55531,0.535952,0.629853,0.306613,0.123482
"638",0.387366,0.900866,0.392486,0.175683,0.826436,1.5737,0.48699,0.623139,0.37468,0.129136
"639",0.41981,1.01934,0.280391,0.228294,0.948291,1.65051,0.610014,0.610395,0.427003,0.112591
"640",0.419895,1.11162,0.710496,0.14294,0.743284,1.58602,0.505893,0.621568,0.436991,0.113354
"641",0.369669,0.840696,1.2003,0.13231,0.846545,1.43357,0.443445,0.648628,0.215872,0.129526
"642",0.244904,0.947397,1.45678,0.116754,0.61392,1.44223,0.492249,0.656327,0.238462,0.122672
"643",0.313711,0.995801,1.54449,0.147815,0.842929,1.40413,0.44884,0.627676,0.261608,0.134302
"644",0.293284,0.880387,1.5753,0.128925,0.642988,1.48178,0.463392,0.64373,0.338414,0.167154
"645",0.684862,1.53683,0.801963,0.194863,0.877791,1.52555,0.538452,0.633954,0.37691,0.0776212
"646",0.653054,1.47339,0.964612,0.20776,0.921617,1.78579,0.575599,0.617283,0.419768,0.0793393
"647",0.227901,1.00403,0.606216,0.127527,0.731155,1.2914,0.522556,0.624544,0.271937,0.14752
"648",0.295119,1.11872,0.756588,0.163904,0.754048,1.46458,0.55782,0.622291,0.39245,0.0823963
"649",0.523009,1.25119,0.59504,0.12398,0.633505,1.62044,0.555678,0.595991,0.448919,0.111457
"650",0.403925,1.13002,0.964295,0.199509,0.882172,1.55545,0.394168,0.635976,0.3166,0.116357
"651",0.290601,1.0525,0.997522,0.146618,0.779157,1.46608,0.545088,0.619152,0.416176,0.12252
"652",0.2873,1.01161,1.00293,0.139767,0.786398,1.42198,0.459663,0.611889,0.407716,0.113229
"653",0.225009,1.00955,1.24334,0.180871,0.809969,1.83227,0.553986,0.612016,0.367959,0.111349
"654",0.208389,1.03697,1.14432,0.173514,0.835007,1.44982,0.579244,0.629606,0.364929,0.105533
"655",0.296618,1.12781,1.08724,0.162125,0.740884,1.58409,0.689475,0.631811,0.426061,0.100481
"656",0.0808966,1.00943,1.49207,0.14217,0.784625,1.60829,0.599515,0.630921,0.248494,0.127061
"657",0.401982,1.26724,0.746457,0.192108,0.902417,1.67055,0.550121,0.595381,0.456281,0.116035
"658",0.329492,1.13743,1.02037,0.17549,0.699799,1.62055,0.632917,0.610436,0.479289,0.131614
"659",0.503911,1.18807,0.731503,0.169565,0.890427,1.48463,0.440305,0.613747,0.349636,0.104577
"660",0.501661,1.02658,0.842813,0.159809,0.828423,1.85643,0.496598,0.615341,0.459473,0.131427
"661",0.381446,1.03254,1.24354,0.187133,0.840984,1.56151,0.602013,0.620512,0.480992,0.132981
"662",0.4848,1.00733,1.10152,0.195082,0.863017,1.74453,0.446759,0.620572,0.383822,0.0981432
"663",0.583602,1.13269,0.834406,0.185074,0.809899,1.52103,0.470395,0.630087,0.367161,0.14146
"664",0.5769,1.10908,0.643845,0.169093,0.844201,1.60182,0.455941,0.644631,0.347553,0.12477
"665",0.530378,1.0845,0.806775,0.174598,0.868534,1.71394,0.488274,0.636256,0.338633,0.106788
"666",0.342135,1.11341,0.894136,0.132404,0.724811,1.42321,0.408396,0.623794,0.398972,0.130241
"667",0.443357,0.984087,0.728007,0.210555,0.870637,1.69381,0.603382,0.622471,0.41288,0.0933627
"668",0.3717,0.865065,1.34358,0.194806,0.936358,1.6946,0.399856,0.616894,0.319808,0.148361
"669",0.22707,0.849937,1.40677,0.165989,0.769302,1.58972,0.513112,0.65979,0.284455,0.100614
"670",0.310739,0.906265,1.31412,0.15212,0.940502,1.47229,0.428566,0.630521,0.28219,0.112805
"671",0.614681,1.33255,0.827612,0.150888,0.680361,1.71363,0.510399,0.641522,0.357902,0.144652
"672",0.0633891,0.887288,0.938594,0.120649,0.853415,1.38413,0.626526,0.61513,0.36268,0.101105
"673",0.170586,0.971749,0.992266,0.200342,0.807435,1.797,0.53042,0.609011,0.48495,0.097823
"674",0.192759,1.07271,0.967334,0.23044,0.954707,1.59009,0.447776,0.620685,0.438716,0.122122
"675",0.0529862,0.950992,1.30736,0.200516,0.955497,1.77622,0.394039,0.633986,0.350614,0.120467
"676",0.281139,1.15368,1.39643,0.0726096,0.474678,1.43246,0.774151,0.600836,0.348196,0.108349
"677",0.623434,1.3288,0.714689,0.159602,0.869522,1.47968,0.366035,0.65416,0.25739,0.128389
"678",0.270204,0.868304,0.9339,0.146765,0.740238,1.74126,0.625512,0.580498,0.599585,0.106743
"679",0.389404,1.0061,0.703182,0.165118,0.858398,1.60754,0.432528,0.629527,0.403856,0.0955058
"680",0.44688,1.04631,0.608234,0.185056,0.848679,1.78979,0.63436,0.613976,0.387064,0.135915
"681",0.44418,1.06281,0.683098,0.149336,0.848458,1.41364,0.698083,0.639682,0.382151,0.113552
"682",0.179608,0.790359,1.31954,0.221778,0.883182,1.44673,0.475583,0.636046,0.410419,0.112304
"683",0.436902,1.09599,0.866701,0.119668,0.7168,1.66095,0.434032,0.64369,0.306696,0.130734
"684",0.493844,1.14868,0.77574,0.111937,0.623796,1.40096,0.4466,0.646434,0.272232,0.131944
"685",0.230577,0.965509,1.35649,0.211177,0.891746,1.54317,0.52939,0.631031,0.469055,0.117114
"686",0.492746,1.08475,1.08371,0.125905,0.806826,1.66918,0.672832,0.605717,0.407057,0.131762
"687",0.477748,1.2248,0.859295,0.176357,0.829182,1.3481,0.380391,0.650759,0.385781,0.132197
"688",0.324562,0.8935,0.988219,0.156751,0.779818,1.88096,0.575947,0.599265,0.403452,0.119009
"689",0.232049,0.837958,0.90095,0.183849,0.863526,1.34764,0.487452,0.610639,0.37737,0.113647
"690",0.414731,1.11426,1.15166,0.145533,0.736269,1.56923,0.579533,0.648645,0.300228,0.133021
"691",0.539181,1.20377,0.79986,0.158348,0.814821,1.49917,0.439573,0.635489,0.315972,0.128544
"692",0.499793,1.28209,0.704542,0.159692,0.68626,1.5956,0.435572,0.635915,0.302929,0.108053
"693",0.649949,1.297,0.753762,0.188109,0.880581,1.56529,0.603776,0.59842,0.399559,0.114419
"694",0.515684,1.29531,0.80218,0.17014,0.833591,1.6006,0.426068,0.610213,0.431271,0.101426
"695",0.436499,1.20354,0.997776,0.200678,0.787425,1.80356,0.448139,0.606258,0.390103,0.102239
"696",0.345058,1.13704,1.19148,0.188083,0.926948,1.51101,0.514931,0.622487,0.349982,0.096898
"697",0.472797,1.17927,1.21472,0.190845,0.995431,1.63376,0.545925,0.634318,0.314457,0.116075
"698",0.450972,1.04951,1.1881,0.187317,0.982382,1.51192,0.663967,0.617284,0.38057,0.112696
"699",0.404311,1.07851,1.29203,0.181506,0.765254,1.54451,0.479373,0.623333,0.416565,0.089297
"700",0.472825,1.17975,1.36915,0.164054,0.84756,1.57639,0.528022,0.594288,0.395343,0.0950533
"701",0.232521,1.05183,1.52304,0.107751,0.491255,1.6843,0.472373,0.609361,0.529327,0.094686
"702",0.207272,1.04916,1.52774,0.141569,0.876965,1.45415,0.505598,0.625941,0.295486,0.132436
"703",0.635252,1.3133,0.961379,0.152872,0.763779,1.74149,0.481598,0.609822,0.388155,0.102554
"704",0.615564,1.24813,0.810766,0.141009,0.655633,1.70354,0.551455,0.610336,0.380199,0.100546
"705",0.673593,1.41591,0.310812,0.18395,0.878911,1.61822,0.561827,0.60352,0.396096,0.124116
"706",0.718489,1.4054,0.221808,0.145563,0.754062,1.4448,0.452005,0.619091,0.435088,0.112849
"707",0.757155,1.54654,0.3347,0.197242,0.944127,1.60309,0.920714,0.612522,0.321061,0.107714
"708",0.44324,1.38038,0.509313,0.211516,0.824569,1.64055,0.342749,0.631069,0.502268,0.0896022
"709",0.618009,1.2047,0.744101,0.175917,0.774357,1.52845,0.938996,0.600703,0.503185,0.130081
"710",0.55092,1.06142,0.482499,0.124009,0.702107,1.57637,0.456789,0.609163,0.357532,0.107777
"711",0.383213,0.969869,0.732341,0.106412,0.534185,1.38376,0.380521,0.614944,0.455603,0.106705
"712",0.484245,0.941508,0.842256,0.141332,0.846247,1.53998,0.726409,0.617933,0.282189,0.140384
"713",0.549695,1.07303,0.874481,0.135201,0.612755,1.67315,0.718852,0.635515,0.368759,0.120851
"714",0.537841,1.37762,0.880492,0.132934,0.756225,1.25537,0.372891,0.596005,0.359693,0.10964
"715",0.344258,0.835815,0.836253,0.219386,0.847555,2.00546,0.638656,0.620235,0.424434,0.126257
"716",0.413018,1.08811,0.915192,0.0999321,0.805181,1.27484,0.436314,0.605741,0.293419,0.119188
"717",0.443951,1.11005,1.0439,0.137719,0.780946,1.55554,0.70604,0.653278,0.247662,0.115406
"718",0.393395,1.04478,1.1035,0.203461,0.878779,1.51102,0.373732,0.579709,0.518879,0.122093
"719",0.420199,1.07311,1.10773,0.201227,0.89206,1.51851,0.390504,0.583323,0.524831,0.120374
"720",0.483828,1.21433,0.929689,0.139685,0.902267,1.2781,0.495547,0.6094,0.407556,0.120905
"721",1.01331,1.63668,0.391715,0.133547,0.740073,1.75843,0.608363,0.64538,0.274677,0.104732
"722",0.907797,1.58795,0.643579,0.145084,0.718096,1.47342,0.561513,0.64515,0.380272,0.112977
"723",0.661642,1.12875,0.930364,0.134874,0.714387,1.52757,0.487228,0.59935,0.364555,0.128664
"724",0.470765,0.863545,0.678047,0.12307,0.629743,1.69667,0.539779,0.616937,0.338215,0.116947
"725",0.496756,0.925163,0.705748,0.102277,0.559089,1.56577,0.514367,0.631409,0.348331,0.110711
"726",0.34068,1.02564,1.19775,0.196761,0.891797,1.49076,0.450645,0.642785,0.412679,0.130392
"727",0.37228,1.03619,1.20487,0.199806,0.887607,1.50735,0.454203,0.639477,0.424038,0.134311
"728",0.915958,1.39542,0.615632,0.142564,0.656771,1.51228,0.513679,0.63045,0.36066,0.0998285
"729",1.09644,1.58586,0.179723,0.182457,0.887207,1.40476,0.725298,0.646115,0.363005,0.134251
"730",0.669348,0.989853,0.979718,0.130793,0.64937,1.52296,0.457002,0.636577,0.313632,0.123529
"731",0.737264,1.37046,0.64019,0.119714,0.595854,1.5391,0.545679,0.615968,0.384962,0.126799
"732",0.636683,1.19239,0.723879,0.111116,0.696497,1.56558,0.622121,0.618501,0.404763,0.110023
"733",0.568583,0.978056,0.810098,0.163058,0.904018,1.58829,0.383998,0.620914,0.367372,0.121885
"734",0.411823,0.846532,0.75848,0.172455,0.941091,1.65387,0.663505,0.644478,0.320169,0.110237
"735",0.478744,0.956845,0.729613,0.21613,0.916512,1.63191,0.521309,0.625022,0.412082,0.12704
"736",0.579287,0.879388,0.675686,0.147787,0.787855,1.63485,0.587465,0.626927,0.352284,0.107049
"737",0.449554,0.948409,0.933011,0.14144,0.780207,1.50928,0.461526,0.634731,0.316922,0.128903
"738",0.632606,1.07273,0.534509,0.187711,0.890946,1.6836,0.535625,0.61025,0.432937,0.098455
"739",0.701875,1.12173,0.395236,0.143271,0.725152,1.54052,0.479248,0.594218,0.421934,0.110006
"740",0.51413,1.13828,1.05952,0.217495,0.987407,1.60555,0.521475,0.64449,0.282694,0.127307
"741",0.316631,1.1764,1.053,0.198002,0.963552,1.35879,0.536916,0.613397,0.376486,0.115459
"742",0.303233,1.04766,1.21941,0.153699,0.83768,1.56558,0.510315,0.601112,0.425466,0.0999194
"743",0.171342,0.895774,1.0007,0.176601,0.784163,1.6484,0.529669,0.619856,0.448158,0.118755
"744",0.182548,0.878625,1.19964,0.18792,0.933442,1.57589,0.475967,0.617552,0.327394,0.116864
"745",0.4339,1.05688,0.880514,0.177583,0.937442,1.56164,0.480274,0.624872,0.391847,0.117745
"746",0.325308,0.925773,1.21919,0.12086,0.764888,1.47587,0.447004,0.611833,0.365714,0.118308
"747",0.32446,0.928577,0.954014,0.204593,0.769921,1.63599,0.525739,0.594866,0.42216,0.104176
"748",0.581653,1.22144,0.806307,0.24905,0.989454,1.71459,0.608422,0.591288,0.526768,0.108823
"749",0.302329,1.0962,0.960477,0.137117,0.688113,1.56075,0.402182,0.632568,0.35605,0.120394
"750",0.709622,1.41117,0.672318,0.186232,0.862844,1.61731,0.696315,0.579128,0.516058,0.105435
"751",0.596331,1.06076,0.740821,0.15974,0.83346,1.51427,0.381984,0.626411,0.384069,0.118002
"752",0.472903,1.04482,1.11784,0.141519,0.685227,1.77847,0.561244,0.62948,0.38257,0.122039
"753",0.316781,1.04918,1.59712,0.133104,0.944369,1.48406,0.481346,0.625372,0.316992,0.123983
"754",0.34996,1.10591,1.53217,0.185534,0.849597,1.35384,0.499445,0.625617,0.383614,0.115019
"755",0.421208,1.03358,0.917041,0.10152,0.403562,1.68354,0.462288,0.628247,0.380917,0.099785
"756",0.491551,1.1557,0.720381,0.0721334,0.420937,1.61785,0.504469,0.609272,0.309461,0.125936
"757",0.41316,0.969275,0.903387,0.166901,0.824097,1.50652,0.457961,0.613829,0.403184,0.0841599
"758",0.4274,0.897468,0.926184,0.16077,0.867404,1.4476,0.508837,0.628028,0.345107,0.1446
"759",0.374192,0.771215,0.795278,0.20247,0.943149,1.58978,0.576271,0.617523,0.368216,0.109083
"760",0.271443,0.770032,0.7599,0.0693517,0.545585,1.41282,0.58438,0.640135,0.335344,0.134804
"761",0.446249,1.19721,1.10976,0.210515,0.95335,1.67545,0.433056,0.649186,0.29056,0.128554
"762",0.46402,1.19971,1.01058,0.181444,0.963855,1.58495,0.456873,0.628573,0.282152,0.121999
"763",0.409062,1.2642,0.946183,0.197213,0.965756,1.59179,0.420155,0.633764,0.333956,0.108293
"764",0.494426,1.35105,1.17763,0.190922,0.803588,1.74901,0.447636,0.612915,0.449355,0.129259
"765",0.449206,1.19315,1.17711,0.145276,0.89484,1.56167,0.56742,0.622762,0.286585,0.119463
"766",0.550201,1.3231,0.950482,0.16482,0.895622,1.4837,0.44233,0.64076,0.335831,0.113449
"767",0.503722,1.25428,0.573997,0.145921,0.641812,1.63148,0.481417,0.601235,0.444299,0.12052
"768",0.451118,0.969768,1.12474,0.148607,0.791171,1.37068,0.422491,0.656803,0.24877,0.126176
"769",0.40858,0.94986,1.03307,0.169417,0.79558,1.64421,0.596596,0.604516,0.458888,0.126216
"770",0.478126,1.09166,0.695535,0.219111,0.927752,1.70659,0.361364,0.615777,0.436853,0.0957626
"771",0.29773,0.795821,1.1337,0.0860068,0.565505,1.39674,0.73536,0.618121,0.349695,0.142621
"772",0.507418,1.07699,0.900092,0.170327,0.825592,1.76621,0.459216,0.618421,0.330268,0.100404
"773",0.56887,1.10323,0.996833,0.140364,0.737521,1.5041,0.543692,0.596935,0.356562,0.129359
"774",0.404506,1.02677,1.12413,0.169893,0.796861,1.42236,0.500759,0.628215,0.435524,0.11206
"775",0.46388,1.00457,0.667872,0.155185,0.725366,1.50469,0.487504,0.608838,0.477624,0.108559
"776",0.551186,1.12721,0.6745,0.166306,0.804142,1.73688,0.443623,0.63906,0.264754,0.114157
"777",0.427283,1.03478,0.871305,0.207165,0.828977,1.64405,0.611695,0.648326,0.347539,0.147725
"778",0.454573,1.11485,0.78358,0.156492,0.830356,1.55083,0.60468,0.646243,0.371567,0.141689
"779",0.456006,1.08664,0.837601,0.159265,0.83321,1.58243,0.600948,0.645211,0.386329,0.150504
"780",0.349441,0.897168,0.879182,0.144623,0.855534,1.57825,0.530751,0.600257,0.368985,0.109917
"781",0.408213,1.03354,0.616527,0.183897,0.915723,1.42443,0.664612,0.618199,0.443596,0.122585
"782",0.273676,0.947207,0.852362,0.135277,0.84023,1.42462,0.526296,0.622217,0.364022,0.122369
"783",0.182848,0.668336,1.30135,0.195731,0.823449,1.7793,0.498252,0.618957,0.357647,0.130229
"784",0.159695,0.735928,1.01259,0.170791,0.802438,1.44726,0.55041,0.614058,0.400704,0.105247
"785",0.306974,0.936979,0.8708,0.191383,0.820661,1.65747,0.535395,0.616834,0.496455,0.0871789
"786",0.3856,0.963869,0.791092,0.192862,0.981118,1.59071,0.492992,0.622499,0.308028,0.109034
"787",0.380457,0.906974,0.93006,0.174725,0.991833,1.6457,0.385073,0.63008,0.260809,0.126561
"788",0.400251,1.06838,0.774825,0.231657,0.989786,1.73666,0.49448,0.65384,0.378443,0.112623
"789",0.410271,1.0245,0.721928,0.211137,0.983609,1.83506,0.503341,0.644412,0.395661,0.110314
"790",0.474169,1.20645,0.686154,0.272559,0.997696,1.80491,0.56544,0.592809,0.540778,0.12416
"791",0.545867,1.25393,0.811037,0.233335,0.94917,1.85636,0.769523,0.62591,0.381988,0.0972995
"792",0.649597,1.17648,0.368072,0.10354,0.741293,1.34966,0.370983,0.60777,0.429,0.135652
"793",0.666652,1.16201,0.367214,0.117689,0.803225,1.39996,0.496624,0.60062,0.321339,0.168922
"794",0.74896,1.24388,0.265865,0.121993,0.839542,1.31749,0.484266,0.633458,0.365576,0.123264
"795",0.709648,1.11118,0.676386,0.130693,0.796909,1.55383,0.425708,0.60176,0.359203,0.124799
"796",0.560472,1.1177,0.797604,0.170748,0.812083,1.66269,0.579876,0.622904,0.429014,0.123392
"797",0.626392,1.20287,0.752702,0.169448,0.840616,1.53349,0.542063,0.612247,0.446811,0.135779
"798",0.509567,0.89511,0.737828,0.148479,0.74281,1.57638,0.476301,0.638735,0.331104,0.10275
"799",0.506146,0.978423,0.660416,0.170166,0.794377,1.55551,0.500668,0.638408,0.27591,0.156453
"800",0.5397,1.08855,0.492896,0.130366,0.737597,1.57746,0.423818,0.649233,0.270246,0.125515
"801",0.409902,1.02236,0.925148,0.126839,0.887618,1.39025,0.488006,0.650798,0.269943,0.148472
"802",0.384152,1.07179,1.2439,0.13046,0.734499,1.6661,0.468201,0.618476,0.359627,0.104396
"803",0.426747,1.06096,0.991479,0.158832,0.85555,1.47468,0.395749,0.622175,0.33427,0.125803
"804",0.417441,1.06039,0.955489,0.165538,0.85593,1.47208,0.375469,0.618019,0.351563,0.126931
"805",0.63815,1.25316,0.897274,0.19451,0.837661,1.66223,0.463153,0.621947,0.398654,0.109109
"806",0.684912,1.23861,0.771397,0.175733,0.803856,1.61155,0.555125,0.608936,0.422037,0.126468
"807",0.644452,1.19888,0.73097,0.158223,0.816016,1.53387,0.585223,0.604674,0.400999,0.124558
"808",0.791555,1.37873,0.639465,0.158222,0.797363,1.50713,0.501407,0.602943,0.358462,0.108656
"809",0.528301,1.16603,0.812504,0.126467,0.741031,1.3785,0.399827,0.611222,0.410976,0.0965515
"810",0.384165,1.09274,0.882776,0.224048,0.802825,1.79383,0.432284,0.627341,0.377381,0.106945
"811",0.571507,1.14786,1.18328,0.169811,0.798182,1.50717,0.385608,0.617661,0.350976,0.147029
"812",0.513389,1.25138,0.783908,0.127594,0.728436,1.53488,0.608543,0.626389,0.282309,0.106741
"813",0.579128,1.30015,0.759907,0.177862,0.881512,1.62665,0.529709,0.617654,0.283752,0.0986466
"814",0.417615,1.12774,0.823002,0.171202,0.741912,1.48802,0.541815,0.630571,0.419691,0.137548
"815",0.441289,1.12173,0.795927,0.171018,0.937592,1.55928,0.484714,0.598924,0.387166,0.0971982
"816",0.38024,0.994734,0.878803,0.147863,0.927728,1.50671,0.546717,0.603223,0.426634,0.109555
"817",0.492864,1.18365,0.919688,0.117536,0.640326,1.54879,0.457663,0.655462,0.31304,0.131839
"818",0.642971,1.38433,0.775071,0.136312,0.798136,1.54138,0.598348,0.610152,0.425614,0.0989245
"819",0.359781,1.13815,1.28986,0.154898,0.785597,1.55942,0.443944,0.622671,0.430641,0.110426
"820",0.347813,1.1085,1.21838,0.172239,0.684337,1.61212,0.515436,0.643975,0.34253,0.119699
"821",0.282898,0.971409,1.23611,0.150553,0.786238,1.56188,0.539227,0.63767,0.340524,0.12174
"822",0.248504,0.906169,1.6118,0.176815,0.841368,1.53911,0.472748,0.614846,0.395217,0.115452
"823",0.236625,0.905926,1.51943,0.186629,0.942357,1.59669,0.685116,0.637677,0.355751,0.0985858
"824",-0.00960902,0.754555,1.63279,0.109611,0.649939,1.59532,0.390598,0.604027,0.405956,0.136863
"825",0.463986,1.11202,0.862657,0.204413,0.923724,1.83958,0.627281,0.625354,0.400395,0.0896194
"826",0.336063,1.02183,0.90542,0.134983,0.75418,1.46325,0.569829,0.655828,0.311376,0.156393
"827",0.374093,0.986083,0.876196,0.107984,0.697466,1.46717,0.318094,0.6238,0.341768,0.115932
"828",0.224136,0.889527,1.06923,0.114372,0.615169,1.52083,0.414579,0.63475,0.313787,0.126253
"829",0.25612,0.924305,1.1894,0.168704,0.832257,1.50587,0.425368,0.627488,0.306885,0.112097
"830",0.214982,0.973232,1.26777,0.132867,0.750368,1.44659,0.459794,0.628927,0.463352,0.106123
"831",0.25821,1.01642,1.19723,0.190121,0.86724,1.73361,0.423692,0.611649,0.330883,0.0907425
"832",0.379352,1.05538,1.18718,0.168363,0.689603,1.3785,0.575027,0.60679,0.559133,0.128294
"833",0.272817,1.03143,1.58737,0.211148,0.882446,2.03996,0.45997,0.589414,0.434592,0.102349
"834",0.106171,0.814991,1.79409,0.209689,0.929329,1.43546,0.502123,0.650844,0.455337,0.141659
"835",0.367855,1.07222,1.05081,0.0919482,0.478961,1.69226,0.437453,0.610058,0.428631,0.0988413
"836",0.361269,1.22058,1.10712,0.200504,0.896373,1.66613,0.493519,0.626993,0.401185,0.124924
"837",0.352419,1.29923,1.15671,0.179004,0.768455,1.80229,0.5315,0.622506,0.376721,0.0974245
"838",0.30392,1.24655,1.22957,0.19106,0.942344,1.52202,0.457753,0.621933,0.429667,0.139226
"839",0.264547,1.20096,1.40015,0.130696,0.919023,1.49347,0.470025,0.617148,0.317602,0.138201
"840",0.339716,1.2484,0.963687,0.182967,0.853432,1.63625,0.497338,0.66338,0.225806,0.119963
"841",0.446993,1.02369,0.964893,0.123115,0.760653,1.44735,0.45109,0.606557,0.309428,0.137268
"842",0.479717,1.10384,0.965422,0.186282,0.773299,1.58699,0.589758,0.626448,0.437156,0.0910115
"843",0.466169,1.05484,0.838091,0.128426,0.718991,1.62015,0.42911,0.63818,0.264393,0.147392
"844",0.444985,1.01868,0.742927,0.143508,0.752951,1.65829,0.46556,0.645792,0.285333,0.148727
"845",0.49902,1.13326,0.878384,0.104022,0.592457,1.47992,0.49499,0.601119,0.473274,0.0917604
"846",0.496328,1.34259,0.751099,0.209854,0.90819,1.62339,0.574922,0.644033,0.39754,0.125367
"847",0.532599,1.30006,0.61641,0.210258,0.907836,1.50347,0.559464,0.649071,0.328014,0.126358
"848",0.549491,1.23019,0.790023,0.11817,0.722272,1.61076,0.643054,0.618385,0.381214,0.116747
"849",0.536743,1.27466,0.682368,0.168232,0.845744,1.55873,0.380002,0.620923,0.338621,0.0853699
"850",0.49083,1.17526,0.750152,0.15192,0.952113,1.43189,0.461913,0.630571,0.39359,0.0920557
"851",0.535101,1.28445,0.73278,0.181741,0.925412,1.40943,0.52114,0.632966,0.30201,0.0912631
"852",0.373529,1.13363,0.84149,0.133416,0.722433,1.45071,0.608102,0.62997,0.365346,0.122007
"853",0.428332,1.14321,1.17965,0.152495,0.799525,1.56192,0.414406,0.621658,0.268243,0.113676
"854",0.500633,1.32293,0.855381,0.207699,0.830911,1.58434,0.501902,0.604433,0.483061,0.0840787
"855",0.0271614,0.39183,0.935661,0.168991,0.74446,1.53997,0.595059,0.632309,0.316851,0.137271
"856",0.119479,0.366001,0.593102,0.109878,0.713102,1.62931,0.620732,0.641957,0.29742,0.135202
"857",0.170267,0.751604,0.848227,0.185014,0.834153,1.53075,0.707702,0.586327,0.507994,0.100749
"858",0.285979,0.844523,0.701956,0.206287,0.875383,1.51534,0.58053,0.60119,0.390628,0.135089
"859",0.215296,0.700569,1.2296,0.105083,0.70686,1.51522,0.552949,0.627343,0.322308,0.102467
"860",0.238609,0.846416,1.11406,0.154758,0.78,1.4792,0.613886,0.613534,0.347543,0.131846
"861",0.129183,0.883727,1.34756,0.187282,0.769829,1.48792,0.406334,0.636845,0.318745,0.0992974
"862",0.177536,0.928676,1.22481,0.143786,0.86186,1.42355,0.481881,0.643741,0.343543,0.0805021
"863",0.205123,0.960943,1.05945,0.157674,0.842673,1.72082,0.474298,0.605163,0.423642,0.140509
"864",0.217959,0.92253,1.26119,0.169609,0.842105,1.74449,0.481603,0.660328,0.370613,0.113589
"865",0.535273,1.15336,1.01298,0.119852,0.74594,1.32894,0.518435,0.582952,0.524042,0.11926
"866",0.632757,1.27632,1.00393,0.137406,0.717812,1.7885,0.531725,0.646837,0.39184,0.10511
"867",0.476356,1.42087,1.06957,0.180431,0.885643,1.61214,0.496793,0.612313,0.373567,0.117025
"868",0.584944,1.52721,0.866734,0.183844,0.810468,1.53802,0.526564,0.615294,0.421353,0.0929139
"869",0.549978,1.45535,0.941383,0.186156,0.879091,1.61289,0.612416,0.600765,0.427336,0.104822
"870",0.495972,1.39899,1.19179,0.202969,0.852289,1.79025,0.513771,0.638507,0.360381,0.138674
"871",0.54962,1.40312,1.10055,0.138599,0.805043,1.31113,0.551474,0.611378,0.413437,0.122202
"872",0.564052,1.31029,0.790347,0.143052,0.807329,1.56825,0.559092,0.605042,0.388768,0.105544
"873",0.571028,1.26039,0.924359,0.168064,0.802176,1.57215,0.457581,0.618388,0.411228,0.104405
"874",0.62903,1.21852,0.947814,0.12102,0.676539,1.44156,0.512975,0.637934,0.345532,0.139907
"875",0.554847,1.30799,1.098,0.119721,0.819398,1.35633,0.422623,0.609166,0.33944,0.108982
"876",0.534808,1.31665,0.840808,0.116469,0.542334,1.584,0.395373,0.610496,0.359373,0.104658
"877",0.364146,1.14763,0.887702,0.12008,0.85316,1.34068,0.542481,0.635062,0.314426,0.118465
"878",0.251369,1.06947,0.811185,0.0971257,0.639384,1.37113,0.54357,0.647058,0.286554,0.110857
"879",0.202724,1.00078,0.848881,0.15942,0.851218,1.58358,0.678748,0.620512,0.370033,0.127812
"880",0.267551,0.91346,0.906941,0.10023,0.622097,1.42528,0.384023,0.619824,0.375744,0.119983
"881",0.275365,0.794383,1.06212,0.118336,0.718927,1.52665,0.406092,0.62315,0.393943,0.138506
"882",0.313332,1.07675,0.966481,0.192342,0.851557,1.57241,0.667238,0.62162,0.370787,0.105408
"883",0.165211,0.962487,1.33971,0.0900627,0.598945,1.44059,0.721104,0.607776,0.423105,0.106759
"884",0.406492,1.12047,1.15842,0.133662,0.877102,1.46616,0.380814,0.651981,0.315018,0.141816
"885",0.364601,0.935038,1.09203,0.164199,0.805779,1.68458,0.564303,0.646155,0.328924,0.132301
"886",0.468178,0.983434,0.653203,0.144838,0.864241,1.3854,0.421982,0.602532,0.409302,0.0998997
"887",0.553535,1.1265,0.455541,0.130429,0.708146,1.46847,0.430419,0.617658,0.332567,0.110999
"888",0.338943,0.882173,0.763076,0.187556,0.912156,1.4911,0.745661,0.617769,0.35166,0.128458
"889",0.444248,0.979619,0.723279,0.12014,0.588547,1.52339,0.607414,0.620263,0.441666,0.124248
"890",0.627902,1.0232,0.702678,0.168835,0.96127,1.69635,0.38282,0.616185,0.340154,0.113521
"891",0.687623,1.20421,0.588126,0.226652,0.970369,1.66296,0.454786,0.605062,0.426656,0.0929092
"892",0.607525,1.15957,0.910512,0.115197,0.725749,1.64844,0.628455,0.618495,0.378555,0.129677
"893",0.644444,1.3263,0.581063,0.113416,0.775458,1.43649,0.632984,0.600955,0.38748,0.109492
"894",0.786028,1.5233,0.739516,0.184924,0.83023,1.67358,0.42538,0.627995,0.347209,0.127779
"895",0.504164,1.09208,0.839878,0.171796,0.79296,1.47738,0.633525,0.608985,0.391238,0.111414
"896",0.65255,1.20739,0.742933,0.14284,0.848867,1.56769,0.488684,0.611588,0.315348,0.112763
"897",0.554459,1.0311,0.880465,0.197111,0.772061,1.66264,0.456664,0.623176,0.491425,0.127039
"898",0.675816,1.19151,0.760906,0.214583,0.955682,1.74939,0.622154,0.618606,0.402379,0.123257
"899",0.709525,1.24819,0.811768,0.150952,0.825301,1.4522,0.51079,0.652064,0.305462,0.135112
"900",0.78908,1.54591,0.905316,0.136585,0.763781,1.59505,0.493527,0.646876,0.248223,0.124361
"901",0.539368,1.23084,0.946385,0.173803,0.886428,1.44437,0.522413,0.629912,0.379094,0.109277
"902",0.197907,0.573757,1.4808,0.200687,0.858308,1.82562,0.502058,0.61948,0.520997,0.121295
"903",0.286297,0.736434,1.41203,0.194963,0.797316,1.73055,0.475602,0.617503,0.379283,0.133702
"904",0.417878,0.874611,1.1265,0.182779,0.899049,1.48243,0.567123,0.641235,0.366884,0.118547
"905",0.464924,1.03247,0.762984,0.182697,0.925649,1.65531,0.501717,0.639098,0.316769,0.141938
"906",0.225505,0.938193,1.0414,0.183116,0.971458,1.24641,0.41594,0.645219,0.280525,0.124577
"907",0.552663,1.09206,0.72464,0.173922,0.734821,1.84125,0.552087,0.604374,0.587293,0.110315
"908",0.662364,1.30392,0.394839,0.145311,0.905784,1.46158,0.456273,0.64013,0.27888,0.146617
"909",0.441883,1.15261,0.953144,0.133954,0.794908,1.55018,0.496883,0.649726,0.260322,0.117495
"910",0.64049,1.26438,0.709056,0.128095,0.732796,1.48784,0.457131,0.634063,0.422742,0.127079
"911",0.48325,1.18578,0.924663,0.24613,0.916468,1.63504,0.424147,0.639017,0.31496,0.146813
"912",0.550086,1.21671,0.879165,0.246484,0.910067,1.64558,0.393892,0.648807,0.359502,0.15366
"913",0.513524,1.19237,0.985888,0.180692,0.936995,1.58158,0.470323,0.603085,0.394346,0.118093
"914",0.472548,1.09552,0.938566,0.104782,0.586366,1.58606,0.638466,0.630532,0.419403,0.117712
"915",0.632133,1.21727,0.71417,0.142344,0.715764,1.70594,0.499394,0.627141,0.320962,0.130799
"916",0.415088,1.01493,0.988125,0.167299,0.720969,1.48278,0.45893,0.628519,0.375556,0.116007
"917",0.630019,1.12516,0.803541,0.127662,0.725977,1.5542,0.503542,0.624331,0.376678,0.1156
"918",0.790602,1.27678,0.78811,0.124726,0.745611,1.67276,0.485178,0.622344,0.418676,0.134831
"919",0.835597,1.28872,0.726324,0.199847,0.879367,1.64329,0.554491,0.592562,0.457719,0.121558
"920",0.687503,1.31669,0.74956,0.183047,0.816385,1.61021,0.499311,0.60899,0.421215,0.119658
"921",0.554052,1.05227,0.976229,0.208461,0.878679,1.70695,0.479194,0.625807,0.388956,0.130633
"922",0.645695,1.131,0.981652,0.126796,0.697351,1.52399,0.462899,0.618578,0.373389,0.119024
"923",0.399863,0.949369,1.12158,0.208111,0.923807,1.58704,0.587704,0.633741,0.336399,0.136089
"924",0.429115,1.06325,0.774249,0.0950432,0.602553,1.52792,0.432846,0.603194,0.405151,0.10965
"925",0.389238,0.944908,0.680798,0.114154,0.679377,1.49641,0.366412,0.629882,0.369111,0.122399
"926",0.347516,1.12418,0.782599,0.177952,0.875615,1.56823,0.727822,0.634885,0.409742,0.109608
"927",0.332847,1.31539,0.410171,0.188185,0.943221,1.67661,0.506491,0.605142,0.478604,0.115326
"928",0.441036,1.19851,0.419933,0.136612,0.685712,1.64967,0.769797,0.616719,0.401444,0.100224
"929",0.366622,1.3302,0.459377,0.109016,0.741521,1.36661,0.657787,0.633423,0.305218,0.136664
"930",0.446959,1.36071,0.52648,0.129294,0.84824,1.39173,0.542533,0.615263,0.313355,0.110468
"931",0.470521,1.31119,0.488904,0.157406,0.785355,1.50487,0.630089,0.609419,0.421092,0.112364
"932",0.436104,1.27433,0.574743,0.122275,0.770778,1.46886,0.503952,0.617295,0.369146,0.111347
"933",0.145222,0.941514,1.06862,0.186568,0.806668,1.60364,0.504876,0.62861,0.432295,0.132346
"934",0.36375,1.20284,0.934606,0.151543,0.902267,1.6385,0.471555,0.643835,0.292765,0.138165
"935",0.459173,1.39345,0.641939,0.184572,0.921076,1.46411,0.677245,0.599138,0.494776,0.103236
"936",0.574455,1.4677,0.82483,0.207071,0.723421,1.8838,0.46011,0.61177,0.458294,0.0971704
"937",0.575643,1.40802,0.687953,0.192888,0.847718,1.54816,0.472579,0.597883,0.435345,0.103357
"938",0.693147,1.53166,0.509834,0.170419,0.873571,1.52478,0.633095,0.604943,0.472135,0.114717
"939",0.712386,1.37772,0.471099,0.129828,0.738975,1.59413,0.437057,0.613604,0.38804,0.1294
"940",0.545323,1.2287,0.929885,0.113711,0.675173,1.51169,0.475793,0.617595,0.354143,0.112736
"941",0.55728,1.1377,0.899019,0.161105,0.675508,1.81687,0.484624,0.632348,0.431277,0.110435
"942",0.456146,1.09498,0.797262,0.142734,0.570482,1.83865,0.65415,0.635083,0.348111,0.0912909
"943",0.438041,1.08988,0.848564,0.188502,0.918474,1.5313,0.414931,0.616506,0.433898,0.141089
"944",0.0641541,0.821915,1.50178,0.197051,0.800113,1.80697,0.547324,0.631753,0.404089,0.110972
"945",0.297972,1.00313,1.00953,0.17476,0.951044,1.31396,0.452958,0.616647,0.368705,0.12725
"946",0.512009,1.37038,0.701294,0.163748,0.677323,1.77097,0.595257,0.601569,0.439584,0.112132
"947",0.486091,1.14976,0.415074,0.100728,0.698805,1.49154,0.364484,0.640549,0.290618,0.132347
"948",0.490362,1.19641,1.13086,0.19434,0.900563,1.61789,0.674036,0.61576,0.407808,0.126266
"949",0.276364,1.13396,1.58976,0.117592,0.698672,1.44325,0.422068,0.623579,0.262454,0.121081
"950",0.468125,1.14239,0.696205,0.172264,0.766338,1.5833,0.681929,0.620535,0.460447,0.126449
"951",0.545607,0.985825,0.555663,0.142174,0.750637,1.51439,0.415838,0.610128,0.32066,0.110658
"952",0.500973,1.15357,0.913244,0.128946,0.686146,1.52242,0.53906,0.637746,0.319166,0.135453
"953",0.433312,1.14715,1.19649,0.115717,0.846566,1.49431,0.428816,0.603178,0.366871,0.128153
"954",0.485563,1.14957,1.09187,0.175894,0.822587,1.52108,0.459214,0.628078,0.45018,0.126693
"955",0.473298,1.11156,1.03407,0.138336,0.630795,1.69242,0.373089,0.599443,0.41635,0.13426
"956",0.501482,1.11141,1.00541,0.128473,0.71713,1.64993,0.470152,0.597465,0.436182,0.113629
"957",0.641947,1.25311,0.734261,0.144015,0.692561,1.64524,0.529196,0.641681,0.342157,0.113367
"958",0.716049,1.24463,0.731971,0.16451,0.796561,1.66192,0.488414,0.640679,0.280165,0.122946
"959",0.609221,1.19561,0.879786,0.175639,0.856226,1.60695,0.512298,0.593125,0.437224,0.0834796
"960",0.567871,1.20408,0.896506,0.133548,0.766144,1.49357,0.459213,0.634586,0.375287,0.0828922
"961",0.469936,1.21796,1.069,0.1965,0.698579,1.88559,0.400993,0.633765,0.42853,0.0972756
"962",0.462687,1.06955,1.01947,0.148067,0.977491,1.35147,0.492981,0.611959,0.351329,0.129883
"963",0.590713,1.21148,0.822387,0.150917,0.952036,1.42624,0.444515,0.619608,0.387027,0.130743
"964",0.72127,1.32293,0.636193,0.126231,0.539325,1.68053,0.528915,0.629629,0.326398,0.1109
"965",0.691149,1.31682,0.603798,0.0878727,0.427872,1.832,0.373053,0.626818,0.328252,0.130024
"966",0.652515,1.29806,0.577325,0.120726,0.524894,1.68603,0.537973,0.620235,0.346204,0.113155
"967",0.716793,1.3103,0.531299,0.106283,0.684198,1.61799,0.51875,0.622432,0.32286,0.124412
"968",0.700991,1.25721,0.0314598,0.15888,0.890107,1.49043,0.561111,0.630474,0.355348,0.12793
"969",0.755663,1.40087,0.221989,0.17487,0.771659,1.73746,0.418642,0.641962,0.392397,0.110311
"970",0.799834,1.41878,0.449236,0.150089,0.900453,1.4785,0.627532,0.595073,0.415859,0.141421
"971",0.685194,1.54474,0.490716,0.171603,0.71206,1.80611,0.44127,0.61481,0.364896,0.0884915
"972",0.694757,1.49418,0.424093,0.162501,0.674889,1.76734,0.443346,0.612459,0.36304,0.0908555
"973",0.494411,1.16859,0.871987,0.174762,0.863273,1.54241,0.634939,0.614973,0.373285,0.112291
"974",0.415387,1.21619,1.176,0.122575,0.766291,1.42916,0.617362,0.591274,0.496795,0.117947
"975",0.527265,1.23426,1.15687,0.134174,0.732213,1.63571,0.453505,0.560968,0.542454,0.0935459
"976",0.468049,1.22621,1.2137,0.180146,0.814244,1.74249,0.429378,0.638689,0.369934,0.122653
"977",0.45431,1.19435,1.22029,0.182026,0.799838,1.79727,0.463925,0.630447,0.390373,0.121808
"978",0.70654,1.31682,0.813309,0.105465,0.829633,1.30551,0.545508,0.625695,0.250891,0.117357
"979",0.708932,1.23366,1.06134,0.124977,0.629599,1.68355,0.492027,0.678383,0.216236,0.127419
"980",0.67465,1.22741,1.05421,0.164321,0.746456,1.75433,0.468501,0.672383,0.245961,0.114623
"981",0.6475,1.15062,1.01266,0.140103,0.934159,1.35482,0.552593,0.650049,0.171541,0.09951
"982",0.601908,1.12927,1.11158,0.152011,0.953192,1.55976,0.657251,0.649701,0.180272,0.110519
"983",0.389282,1.23055,1.31152,0.105238,0.554231,1.51389,0.380991,0.668065,0.311032,0.130684
"984",0.626644,1.11276,0.974616,0.18811,0.972518,1.59027,0.595124,0.64513,0.449517,0.107915
"985",0.787008,1.33722,0.982566,0.0861723,0.819775,1.46485,0.432504,0.639006,0.19212,0.127481
"986",0.736321,1.44236,0.828366,0.106617,0.638204,1.38474,0.480917,0.642204,0.203746,0.128949
"987",0.549283,1.1039,0.682739,0.182188,0.879099,1.6366,0.538473,0.622232,0.442033,0.126702
"988",0.258763,1.01221,1.17425,0.193018,0.800312,1.5741,0.486954,0.620244,0.36036,0.107759
"989",0.300685,1.04409,1.20368,0.158791,0.865271,1.59155,0.627594,0.639394,0.33087,0.10883
"990",0.376675,1.20939,1.15982,0.190826,0.944905,1.51806,0.444271,0.615123,0.339341,0.105136
"991",0.257552,0.851803,1.32671,0.150585,0.932972,1.47273,0.411859,0.652007,0.245817,0.148722
"992",0.446651,1.17206,0.960172,0.152984,0.857319,1.39997,0.539439,0.629769,0.277587,0.0967115
"993",0.453084,1.12403,0.779091,0.171247,0.725999,1.84442,0.505514,0.619074,0.48813,0.148442
"994",0.442378,1.18334,0.931351,0.158071,0.837471,1.31487,0.451552,0.617984,0.337735,0.100266
"995",0.239635,0.79611,1.55877,0.109255,0.707676,1.52683,0.581623,0.646033,0.21691,0.137192
"996",0.512457,1.2615,1.14534,0.190449,0.840485,1.45876,0.461313,0.618956,0.451204,0.110505
"997",0.388423,1.00262,1.22659,0.114291,0.614102,1.65789,0.50531,0.647381,0.304199,0.14317
"998",0.415439,1.01703,1.16829,0.120804,0.627382,1.68022,0.539814,0.645411,0.307846,0.137449
"999",0.294078,0.803749,1.20924,0.217895,0.919192,1.57131,0.38819,0.617808,0.478342,0.132825
"1000",0.12536,0.714699,1.35949,0.197538,0.966072,1.52138,0.395056,0.607782,0.419161,0.128299
